-- POPULANDO observation.om
INSERT INTO observation.om (id, name) VALUES ('da65d957-d0ab-426b-b53e-4b28e195c32f', 'CHM') ON CONFLICT DO NOTHING;
INSERT INTO observation.om (id, name) VALUES ('52b1d4d0-2625-4163-916e-31d31d3ee928', 'Taurus') ON CONFLICT DO NOTHING;
INSERT INTO observation.om (id, name) VALUES ('68b542c2-041e-4f5b-a8d0-7a3e1790ef32', 'Amorim do Valle') ON CONFLICT DO NOTHING;
INSERT INTO observation.om (id, name) VALUES ('78580d20-dc18-4585-83bd-a0792db559d4', 'Sirius') ON CONFLICT DO NOTHING;
INSERT INTO observation.om (id, name) VALUES ('e219a7a4-e826-4ed3-bfab-b4b2d97cbc6b', 'Antares') ON CONFLICT DO NOTHING;
INSERT INTO observation.om (id, name) VALUES ('e32f49d1-df10-4516-9bcc-25c0719b43cf', 'Cruzeiro do Sul') ON CONFLICT DO NOTHING;
INSERT INTO observation.om (id, name) VALUES ('8c5de05f-4155-4e61-8434-75e50d580376', 'Graça Aranha') ON CONFLICT DO NOTHING;
INSERT INTO observation.om (id, name) VALUES ('5ea7e183-ebd8-4ac0-a598-5d386dbe4987', 'Garnier Sampaio') ON CONFLICT DO NOTHING;
INSERT INTO observation.om (id, name) VALUES ('717a78d0-d970-4416-ae30-4c7495a24cc6', 'Maximiano') ON CONFLICT DO NOTHING;
INSERT INTO observation.om (id, name) VALUES ('aefc74e5-a9dd-4c08-b273-8b659d679dfc', 'Ary Rongel') ON CONFLICT DO NOTHING;
INSERT INTO observation.om (id, name) VALUES ('81d5ee63-e314-4e84-ace1-52bc839c86ed', 'BHMN') ON CONFLICT DO NOTHING;
INSERT INTO observation.om (id, name) VALUES ('89bdd283-c088-4c12-9675-ea02c9f2665d', 'CLSAOR') ON CONFLICT DO NOTHING;
INSERT INTO observation.om (id, name) VALUES ('a8722565-27fd-4dcb-91cf-6ec4a509ab71', 'SSN6') ON CONFLICT DO NOTHING;
INSERT INTO observation.om (id, name) VALUES ('25e881c1-f84c-4a6b-8bdb-1d2604808434', 'ComForMinVar') ON CONFLICT DO NOTHING;
INSERT INTO observation.om (id, name) VALUES ('2e8bf3bc-e36d-4e11-9aba-32d2eba1a28e', 'DHN-20') ON CONFLICT DO NOTHING;
INSERT INTO observation.om (id, name) VALUES ('fcdc6810-6ed0-48d8-b46a-2cf8a0269d38', 'Ten. Castelo') ON CONFLICT DO NOTHING;
INSERT INTO observation.om (id, name) VALUES ('95d9a454-b3a0-4b33-8542-75e636386816', 'Rio Branco') ON CONFLICT DO NOTHING;
INSERT INTO observation.om (id, name) VALUES ('3f241677-d89e-4971-893a-e4b2e5464798', 'Rio Tocantins') ON CONFLICT DO NOTHING;
INSERT INTO observation.om (id, name) VALUES ('f5b0b592-cfa4-4d0b-abc0-88ecdc353a2f', 'Rio Xingú') ON CONFLICT DO NOTHING;
INSERT INTO observation.om (id, name) VALUES ('02418e22-b623-48c1-81fa-93bcddf725c3', 'Rio Solimões') ON CONFLICT DO NOTHING;
INSERT INTO observation.om (id, name) VALUES ('41d5fe53-0960-497b-8f3a-319aa7f7ca2a', 'Rio Negro') ON CONFLICT DO NOTHING;
INSERT INTO observation.om (id, name) VALUES ('371804a1-b33f-4580-b774-c76150180470', 'SSN3') ON CONFLICT DO NOTHING;
INSERT INTO observation.om (id, name) VALUES ('0b2fe11e-aab5-44ef-94e8-43c5a6b55b15', 'Ten. Boanerges') ON CONFLICT DO NOTHING;
INSERT INTO observation.om (id, name) VALUES ('6ff1beaa-9a00-444c-b2ce-f06301ed24c8', 'Comte. Manhães') ON CONFLICT DO NOTHING;
INSERT INTO observation.om (id, name) VALUES ('a6b2eb5d-b651-429e-8f0e-e8d52aed91e7', 'Comte. Varella') ON CONFLICT DO NOTHING;
INSERT INTO observation.om (id, name) VALUES ('68efb470-daa8-4fc8-8688-fa7b0fcfb79d', 'DHN-LEPLAC') ON CONFLICT DO NOTHING;
INSERT INTO observation.om (id, name) VALUES ('32c0ac94-9f6b-46ff-b60f-106d15d3c5c5', 'Mário Seixas') ON CONFLICT DO NOTHING;
INSERT INTO observation.om (id, name) VALUES ('2f42701c-3a5f-4d6e-8c8e-005f13d9f668', 'Vital de Oliveira') ON CONFLICT DO NOTHING;
INSERT INTO observation.om (id, name) VALUES ('df9b40ad-2676-4fb0-97b5-db1c2d322c78', 'Caravelas') ON CONFLICT DO NOTHING;
INSERT INTO observation.om (id, name) VALUES ('94d716d0-7d09-4387-baf2-2797e93a614c', 'SSN9') ON CONFLICT DO NOTHING;
INSERT INTO observation.om (id, name) VALUES ('726dd9a2-b030-4ad7-ab94-0eea11522f66', 'SSN2') ON CONFLICT DO NOTHING;
INSERT INTO observation.om (id, name) VALUES ('b31059a4-f8a3-4d32-a78b-8f8a905f4199', 'GNHO') ON CONFLICT DO NOTHING;
INSERT INTO observation.om (id, name) VALUES ('6c9e268f-ebf3-420c-b70b-e47c6932f317', 'AvPqAspMoura') ON CONFLICT DO NOTHING;

SELECT * FROM observation.om;

-- POPULANDO observation.role
INSERT INTO observation.role(id, name) VALUES('7c12004d-e843-4e00-be40-01845ad75834', 'ROLE_USER') ON CONFLICT DO NOTHING;
INSERT INTO observation.role(id, name) VALUES('52c57a80-4e3b-4a41-a864-58d0cea25b14', 'ROLE_MODERATOR') ON CONFLICT DO NOTHING;
INSERT INTO observation.role(id, name) VALUES('8652ec73-0a53-433c-93be-420f1d90c681', 'ROLE_ADMIN') ON CONFLICT DO NOTHING;
INSERT INTO observation.role(id, name) VALUES('f63b534f-154b-498f-b424-8469948d2f78', 'ROLE_RECTIFIER') ON CONFLICT DO NOTHING;
INSERT INTO observation.role(id, name) VALUES('8cbfd8a2-db75-4bca-850b-d638a33701aa', 'ROLE_OPERATOR') ON CONFLICT DO NOTHING;

SELECT * FROM observation.role;

-- POPULANDO observation.user
INSERT INTO observation.user(id, username, password, email, active, om) VALUES ('b4c48fe3-4cf2-411d-9d4b-82f7c63eff9c', '00038059', '$2a$10$v5q8rJ5T/OlmZ2NKSYB2YOOxkn9AI1K04Bn9pemlEZTAMybsq6ona', 'marcelo.gadelha@marinha.mil.br', true, 'da65d957-d0ab-426b-b53e-4b28e195c32f') ON CONFLICT DO NOTHING;
INSERT INTO observation.user(id, username, password, email, active, om) VALUES ('9063f71e-9599-4b43-9754-f4a5ba00ca50', '14148102', '$2a$10$v5q8rJ5T/OlmZ2NKSYB2YOOxkn9AI1K04Bn9pemlEZTAMybsq6ona', 'diego.pinto@marinha.mil.br', true, 'da65d957-d0ab-426b-b53e-4b28e195c32f') ON CONFLICT DO NOTHING;
INSERT INTO observation.user(id, username, password, email, active, om) VALUES ('f7c8f99b-90c8-47af-a237-753a58781114', '21185042', '$2a$10$v5q8rJ5T/OlmZ2NKSYB2YOOxkn9AI1K04Bn9pemlEZTAMybsq6ona', 'thamyres.lima@marinha.mil.br', true, 'da65d957-d0ab-426b-b53e-4b28e195c32f') ON CONFLICT DO NOTHING;
INSERT INTO observation.user(id, username, password, email, active, om) VALUES ('e8b255ae-90cd-4d55-9561-9f85e7932c3d', '86768646', '$2a$10$v5q8rJ5T/OlmZ2NKSYB2YOOxkn9AI1K04Bn9pemlEZTAMybsq6ona', 'jeferson.lessa@marinha.mil.br', true, 'da65d957-d0ab-426b-b53e-4b28e195c32f') ON CONFLICT DO NOTHING;
INSERT INTO observation.user(id, username, password, email, active, om) VALUES ('f2199ebe-0306-4ade-943c-db708c418fae', '14088185', '$2a$10$v5q8rJ5T/OlmZ2NKSYB2YOOxkn9AI1K04Bn9pemlEZTAMybsq6ona', 'thiago.gomes@marinha.mil.br', true, 'da65d957-d0ab-426b-b53e-4b28e195c32f') ON CONFLICT DO NOTHING;
INSERT INTO observation.user(id, username, password, email, active, om) VALUES ('38108890-55b7-4b8c-80c0-f363b003083b', '18090311', '$2a$10$v5q8rJ5T/OlmZ2NKSYB2YOOxkn9AI1K04Bn9pemlEZTAMybsq6ona', 'barreto.lopes@marinha.mil.br', true, 'da65d957-d0ab-426b-b53e-4b28e195c32f') ON CONFLICT DO NOTHING;
INSERT INTO observation.user(id, username, password, email, active, om) VALUES ('1818580a-48da-4ce4-8482-213d0563ce6c', '21403724', '$2a$10$v5q8rJ5T/OlmZ2NKSYB2YOOxkn9AI1K04Bn9pemlEZTAMybsq6ona', 'siqueira.felipe@marinha.mil.br', true, 'da65d957-d0ab-426b-b53e-4b28e195c32f') ON CONFLICT DO NOTHING;
INSERT INTO observation.user(id, username, password, email, active, om) VALUES ('21161d05-df8e-44fb-80b8-08ecc18cb110', '14147203', '$2a$10$v5q8rJ5T/OlmZ2NKSYB2YOOxkn9AI1K04Bn9pemlEZTAMybsq6ona', 'matheus.augusto@marinha.mil.br', true, 'da65d957-d0ab-426b-b53e-4b28e195c32f') ON CONFLICT DO NOTHING;

INSERT INTO observation.user(id, username, password, email, active, om) VALUES ('1a3dbddf-d1e5-48f5-b28a-89ee779668d4', '07363729', '$2a$10$v5q8rJ5T/OlmZ2NKSYB2YOOxkn9AI1K04Bn9pemlEZTAMybsq6ona', 'teste.supervisor01@marinha.mil.br', true, 'da65d957-d0ab-426b-b53e-4b28e195c32f') ON CONFLICT DO NOTHING;
INSERT INTO observation.user(id, username, password, email, active, om) VALUES ('7d053026-0d47-4207-9c64-9c2a6035032d', '85936928', '$2a$10$v5q8rJ5T/OlmZ2NKSYB2YOOxkn9AI1K04Bn9pemlEZTAMybsq6ona', 'teste.supervisor02@marinha.mil.br', true, 'da65d957-d0ab-426b-b53e-4b28e195c32f') ON CONFLICT DO NOTHING;
INSERT INTO observation.user(id, username, password, email, active, om) VALUES ('3a0cb49f-c92a-4e44-9f48-58e165778414', '10123776', '$2a$10$v5q8rJ5T/OlmZ2NKSYB2YOOxkn9AI1K04Bn9pemlEZTAMybsq6ona', 'teste.operador01@marinha.mil.br', true, 'da65d957-d0ab-426b-b53e-4b28e195c32f') ON CONFLICT DO NOTHING;
INSERT INTO observation.user(id, username, password, email, active, om) VALUES ('bb3f033f-8043-4514-b528-68571abc2607', '12134368', '$2a$10$v5q8rJ5T/OlmZ2NKSYB2YOOxkn9AI1K04Bn9pemlEZTAMybsq6ona', 'teste.operador02@marinha.mil.br', true, 'da65d957-d0ab-426b-b53e-4b28e195c32f') ON CONFLICT DO NOTHING;
INSERT INTO observation.user(id, username, password, email, active, om) VALUES ('79a9d758-ee0e-44a9-bda5-ca3203567c03', '10024085', '$2a$10$v5q8rJ5T/OlmZ2NKSYB2YOOxkn9AI1K04Bn9pemlEZTAMybsq6ona', 'teste.operador03@marinha.mil.br', true, 'da65d957-d0ab-426b-b53e-4b28e195c32f') ON CONFLICT DO NOTHING;
INSERT INTO observation.user(id, username, password, email, active, om) VALUES ('ddd6a3e9-a14c-490d-9193-2241901953a0', '14148331', '$2a$10$v5q8rJ5T/OlmZ2NKSYB2YOOxkn9AI1K04Bn9pemlEZTAMybsq6ona', 'teste.operador04@marinha.mil.br', true, 'da65d957-d0ab-426b-b53e-4b28e195c32f') ON CONFLICT DO NOTHING;
INSERT INTO observation.user(id, username, password, email, active, om) VALUES ('350ff8b8-f0f8-469d-b9db-857d7bd4cfdd', '14149800', '$2a$10$v5q8rJ5T/OlmZ2NKSYB2YOOxkn9AI1K04Bn9pemlEZTAMybsq6ona', 'teste.operador05@marinha.mil.br', true, 'da65d957-d0ab-426b-b53e-4b28e195c32f') ON CONFLICT DO NOTHING;
INSERT INTO observation.user(id, username, password, email, active, om) VALUES ('1f63f3a9-379c-46d7-b2ea-1401bc203bc2', '15158365', '$2a$10$v5q8rJ5T/OlmZ2NKSYB2YOOxkn9AI1K04Bn9pemlEZTAMybsq6ona', 'teste.operador06@marinha.mil.br', true, 'da65d957-d0ab-426b-b53e-4b28e195c32f') ON CONFLICT DO NOTHING;
INSERT INTO observation.user(id, username, password, email, active, om) VALUES ('c85dc0a2-420f-41cc-988f-995ec5c3d6ee', '16113471', '$2a$10$v5q8rJ5T/OlmZ2NKSYB2YOOxkn9AI1K04Bn9pemlEZTAMybsq6ona', 'teste.operador07@marinha.mil.br', true, 'da65d957-d0ab-426b-b53e-4b28e195c32f') ON CONFLICT DO NOTHING;
INSERT INTO observation.user(id, username, password, email, active, om) VALUES ('749fd144-257a-4f52-b86e-e17deb3adf50', '16113667', '$2a$10$v5q8rJ5T/OlmZ2NKSYB2YOOxkn9AI1K04Bn9pemlEZTAMybsq6ona', 'teste.operador08@marinha.mil.br', true, 'da65d957-d0ab-426b-b53e-4b28e195c32f') ON CONFLICT DO NOTHING;
INSERT INTO observation.user(id, username, password, email, active, om) VALUES ('975aa04f-b735-46a8-83a1-8f05ada1d3e4', '16113233', '$2a$10$v5q8rJ5T/OlmZ2NKSYB2YOOxkn9AI1K04Bn9pemlEZTAMybsq6ona', 'teste.operador09@marinha.mil.br', true, 'da65d957-d0ab-426b-b53e-4b28e195c32f') ON CONFLICT DO NOTHING;
INSERT INTO observation.user(id, username, password, email, active, om) VALUES ('e19656a6-a730-4f42-b658-5aee0abb0e41', '16113977', '$2a$10$v5q8rJ5T/OlmZ2NKSYB2YOOxkn9AI1K04Bn9pemlEZTAMybsq6ona', 'teste.operador10@marinha.mil.br', true, 'da65d957-d0ab-426b-b53e-4b28e195c32f') ON CONFLICT DO NOTHING;

SELECT * FROM observation.user;

-- POPULANDO observation.user_role
INSERT INTO observation.user_roles(user_id, role_id) VALUES ('b4c48fe3-4cf2-411d-9d4b-82f7c63eff9c', '7c12004d-e843-4e00-be40-01845ad75834') ON CONFLICT DO NOTHING;
INSERT INTO observation.user_roles(user_id, role_id) VALUES ('9063f71e-9599-4b43-9754-f4a5ba00ca50', '7c12004d-e843-4e00-be40-01845ad75834') ON CONFLICT DO NOTHING;
INSERT INTO observation.user_roles(user_id, role_id) VALUES ('f7c8f99b-90c8-47af-a237-753a58781114', '52c57a80-4e3b-4a41-a864-58d0cea25b14') ON CONFLICT DO NOTHING;
INSERT INTO observation.user_roles(user_id, role_id) VALUES ('e8b255ae-90cd-4d55-9561-9f85e7932c3d', '8652ec73-0a53-433c-93be-420f1d90c681') ON CONFLICT DO NOTHING;
INSERT INTO observation.user_roles(user_id, role_id) VALUES ('f2199ebe-0306-4ade-943c-db708c418fae', '8652ec73-0a53-433c-93be-420f1d90c681') ON CONFLICT DO NOTHING;
INSERT INTO observation.user_roles(user_id, role_id) VALUES ('38108890-55b7-4b8c-80c0-f363b003083b', '8652ec73-0a53-433c-93be-420f1d90c681') ON CONFLICT DO NOTHING;
INSERT INTO observation.user_roles(user_id, role_id) VALUES ('1818580a-48da-4ce4-8482-213d0563ce6c', '8652ec73-0a53-433c-93be-420f1d90c681') ON CONFLICT DO NOTHING;
INSERT INTO observation.user_roles(user_id, role_id) VALUES ('21161d05-df8e-44fb-80b8-08ecc18cb110', '8652ec73-0a53-433c-93be-420f1d90c681') ON CONFLICT DO NOTHING;

INSERT INTO observation.user_roles(user_id, role_id) VALUES ('1a3dbddf-d1e5-48f5-b28a-89ee779668d4', '8652ec73-0a53-433c-93be-420f1d90c681') ON CONFLICT DO NOTHING;
INSERT INTO observation.user_roles(user_id, role_id) VALUES ('7d053026-0d47-4207-9c64-9c2a6035032d', '8652ec73-0a53-433c-93be-420f1d90c681') ON CONFLICT DO NOTHING;
INSERT INTO observation.user_roles(user_id, role_id) VALUES ('3a0cb49f-c92a-4e44-9f48-58e165778414', '7c12004d-e843-4e00-be40-01845ad75834') ON CONFLICT DO NOTHING;
INSERT INTO observation.user_roles(user_id, role_id) VALUES ('bb3f033f-8043-4514-b528-68571abc2607', '7c12004d-e843-4e00-be40-01845ad75834') ON CONFLICT DO NOTHING;
INSERT INTO observation.user_roles(user_id, role_id) VALUES ('79a9d758-ee0e-44a9-bda5-ca3203567c03', '7c12004d-e843-4e00-be40-01845ad75834') ON CONFLICT DO NOTHING;
INSERT INTO observation.user_roles(user_id, role_id) VALUES ('ddd6a3e9-a14c-490d-9193-2241901953a0', '7c12004d-e843-4e00-be40-01845ad75834') ON CONFLICT DO NOTHING;
INSERT INTO observation.user_roles(user_id, role_id) VALUES ('350ff8b8-f0f8-469d-b9db-857d7bd4cfdd', '7c12004d-e843-4e00-be40-01845ad75834') ON CONFLICT DO NOTHING;
INSERT INTO observation.user_roles(user_id, role_id) VALUES ('1f63f3a9-379c-46d7-b2ea-1401bc203bc2', '7c12004d-e843-4e00-be40-01845ad75834') ON CONFLICT DO NOTHING;
INSERT INTO observation.user_roles(user_id, role_id) VALUES ('c85dc0a2-420f-41cc-988f-995ec5c3d6ee', '7c12004d-e843-4e00-be40-01845ad75834') ON CONFLICT DO NOTHING;
INSERT INTO observation.user_roles(user_id, role_id) VALUES ('749fd144-257a-4f52-b86e-e17deb3adf50', '7c12004d-e843-4e00-be40-01845ad75834') ON CONFLICT DO NOTHING;
INSERT INTO observation.user_roles(user_id, role_id) VALUES ('975aa04f-b735-46a8-83a1-8f05ada1d3e4', '7c12004d-e843-4e00-be40-01845ad75834') ON CONFLICT DO NOTHING;
INSERT INTO observation.user_roles(user_id, role_id) VALUES ('e19656a6-a730-4f42-b658-5aee0abb0e41', '7c12004d-e843-4e00-be40-01845ad75834') ON CONFLICT DO NOTHING;

SELECT * FROM observation.user_roles;

-- POPULANDO observation.country
INSERT INTO observation.country(id, name) VALUES ('08a92aed-0f2d-4228-bd56-9c23b23c93ef' , 'Afeganistao') ON CONFLICT DO NOTHING;
INSERT INTO observation.country(id, name) VALUES ('809d04ff-9d84-4153-a488-939198272792' , 'Alemanha (antes de 1945 e apos 1990)') ON CONFLICT DO NOTHING;
INSERT INTO observation.country(id, name) VALUES ('84646018-facf-4654-9184-d03b5194e232' , 'Porto Rico') ON CONFLICT DO NOTHING;
INSERT INTO observation.country(id, name) VALUES ('162e3ea5-f1f1-4c43-b252-6bd8bc8c9a03' , 'Barbados') ON CONFLICT DO NOTHING;
INSERT INTO observation.country(id, name) VALUES ('618340de-0eda-4c6f-a8a3-60d49e928291' , 'Namibia') ON CONFLICT DO NOTHING;
INSERT INTO observation.country(id, name) VALUES ('c46014a2-8d1b-465e-8d4f-ebfc8d9b6e08' , 'Alemanha Ocidental (entre 1945-1990)') ON CONFLICT DO NOTHING;
INSERT INTO observation.country(id, name) VALUES ('380c8ff2-3f43-4bb9-960c-65eab8f30ecf' , 'Alemanha Oriental (entre 1945-1990)') ON CONFLICT DO NOTHING;
INSERT INTO observation.country(id, name) VALUES ('244d872c-40be-4657-852b-bde2c796b11b' , 'Argentina') ON CONFLICT DO NOTHING;
INSERT INTO observation.country(id, name) VALUES ('e0f53e28-2624-4915-bf06-ad0106395ba7' , 'Australia') ON CONFLICT DO NOTHING;
INSERT INTO observation.country(id, name) VALUES ('356169a0-659b-43ec-a16d-ffc8457f8af7' , 'Austria') ON CONFLICT DO NOTHING;
INSERT INTO observation.country(id, name) VALUES ('2d1166eb-b7bd-4329-8d19-5ba05f8a0051' , 'Belgica') ON CONFLICT DO NOTHING;
INSERT INTO observation.country(id, name) VALUES ('027cfe13-cf01-40cf-99c7-60fabb95cf61' , 'Kiribati') ON CONFLICT DO NOTHING;
INSERT INTO observation.country(id, name) VALUES ('d035e0c3-62a6-4777-9e3b-60e78a20fc6b' , 'Moldova') ON CONFLICT DO NOTHING;
INSERT INTO observation.country(id, name) VALUES ('b2e72768-e154-43a5-ae0c-652579d67600' , 'Brasil') ON CONFLICT DO NOTHING;
INSERT INTO observation.country(id, name) VALUES ('a4c1aa15-2077-4e94-9498-5f998e2ab983' , 'Bulgaria') ON CONFLICT DO NOTHING;
INSERT INTO observation.country(id, name) VALUES ('35698e1b-e0e4-4de8-988b-e60b2b3ac48b' , 'Niger') ON CONFLICT DO NOTHING;
INSERT INTO observation.country(id, name) VALUES ('9400a113-6809-42fe-9db9-0be5fbd69502' , 'Palau') ON CONFLICT DO NOTHING;
INSERT INTO observation.country(id, name) VALUES ('b52dc692-9f63-424f-a11d-1ca01e6c4b54' , 'Canada') ON CONFLICT DO NOTHING;
INSERT INTO observation.country(id, name) VALUES ('55003cec-11aa-4bf2-a61b-a6b4e3a886e8' , 'Bangladesh') ON CONFLICT DO NOTHING;
INSERT INTO observation.country(id, name) VALUES ('1f3b2d0e-a8b3-4b2d-a34b-e19198215f54' , 'Chile') ON CONFLICT DO NOTHING;
INSERT INTO observation.country(id, name) VALUES ('d500f076-e454-4ee1-9d55-4bb37359ad6a' , 'Taiwan (Formosa)') ON CONFLICT DO NOTHING;
INSERT INTO observation.country(id, name) VALUES ('d776b487-56a9-49c4-8792-64a17c5e33e7' , 'Colombia') ON CONFLICT DO NOTHING;
INSERT INTO observation.country(id, name) VALUES ('c42fba36-5278-466a-be46-c249c629cd98' , 'Cuba') ON CONFLICT DO NOTHING;
INSERT INTO observation.country(id, name) VALUES ('2b2251b1-c943-4468-8ab1-a484b4673b40' , 'Coreia do Sul') ON CONFLICT DO NOTHING;
INSERT INTO observation.country(id, name) VALUES ('5b844935-1677-49f5-954e-f966a920c276' , 'Hong Kong (Reino Unido/China)') ON CONFLICT DO NOTHING;
INSERT INTO observation.country(id, name) VALUES ('2e69afb6-5941-498a-bbcc-5c02f83c0214' , 'Dinamarca') ON CONFLICT DO NOTHING;
INSERT INTO observation.country(id, name) VALUES ('aecb4cec-7045-4ae2-b3e2-44d81cd22fe6' , 'Egito') ON CONFLICT DO NOTHING;
INSERT INTO observation.country(id, name) VALUES ('5a6ecef8-26f1-470f-aaaf-9741919ad1a9' , 'Equador') ON CONFLICT DO NOTHING;
INSERT INTO observation.country(id, name) VALUES ('d383f0a1-41c3-4588-9d36-c972d35814e4' , 'Espanha') ON CONFLICT DO NOTHING;
INSERT INTO observation.country(id, name) VALUES ('8a6c874e-46a1-4087-b277-1611cbd557ee' , 'Myanmar') ON CONFLICT DO NOTHING;
INSERT INTO observation.country(id, name) VALUES ('fa069fc2-8fb8-48d6-b424-0e318445376e' , 'Estados Unidos') ON CONFLICT DO NOTHING;
INSERT INTO observation.country(id, name) VALUES ('9c52c6f3-ec86-4ecc-9c67-810305ce47c3' , 'Armenia') ON CONFLICT DO NOTHING;
INSERT INTO observation.country(id, name) VALUES ('f489bc22-26a3-4148-b0eb-fa39f8a46ce8' , 'Quenia') ON CONFLICT DO NOTHING;
INSERT INTO observation.country(id, name) VALUES ('95b94b1e-1b6c-4d48-a69c-bc81782d711d' , 'Finlandia') ON CONFLICT DO NOTHING;
INSERT INTO observation.country(id, name) VALUES ('62e474b3-cfa4-4c34-9b79-e2f94955cf6b' , 'Franca') ON CONFLICT DO NOTHING;
INSERT INTO observation.country(id, name) VALUES ('c895a793-1849-45dd-93d0-83bc279d14e9' , 'Grecia') ON CONFLICT DO NOTHING;
INSERT INTO observation.country(id, name) VALUES ('c3350e0f-5a56-4ace-a774-8cb89355237e' , 'Croacia') ON CONFLICT DO NOTHING;
INSERT INTO observation.country(id, name) VALUES ('1e3d90e2-de81-488f-82d9-6d8b7389d0e5' , 'Noruega') ON CONFLICT DO NOTHING;
INSERT INTO observation.country(id, name) VALUES ('9eec1fd1-9bf7-436f-8ade-7de0e9c0f86e' , 'Sri Lanka') ON CONFLICT DO NOTHING;
INSERT INTO observation.country(id, name) VALUES ('6de3fbb8-80a6-4889-a3d1-10299a702686' , 'Cingapura') ON CONFLICT DO NOTHING;
INSERT INTO observation.country(id, name) VALUES ('3d7f7be4-9437-4f75-a8ab-4212f30ccfd0' , 'India') ON CONFLICT DO NOTHING;
INSERT INTO observation.country(id, name) VALUES ('2689c1fd-c5c9-4b8e-98f7-6705b5a13735' , 'Indonesia') ON CONFLICT DO NOTHING;
INSERT INTO observation.country(id, name) VALUES ('e0dbb198-1668-4cf3-b44c-e180ee410c92' , 'Tanzania') ON CONFLICT DO NOTHING;
INSERT INTO observation.country(id, name) VALUES ('62bcb9d5-1ba1-4354-b267-992e510a97c7' , 'Jamaica') ON CONFLICT DO NOTHING;
INSERT INTO observation.country(id, name) VALUES ('7f1575c2-509e-4ddc-bb2f-dcac3cde0243' , 'Irlanda') ON CONFLICT DO NOTHING;
INSERT INTO observation.country(id, name) VALUES ('835bc0f2-5a8c-48fc-97e8-25414c9c102b' , 'Islandia') ON CONFLICT DO NOTHING;
INSERT INTO observation.country(id, name) VALUES ('603cbcaa-282d-4b43-a38f-fc131402ac1d' , 'Israel') ON CONFLICT DO NOTHING;
INSERT INTO observation.country(id, name) VALUES ('e310290f-1a0e-4f20-9f52-eec8971b3015' , 'Italia') ON CONFLICT DO NOTHING;
INSERT INTO observation.country(id, name) VALUES ('c32b0d86-f4ae-47a2-9a38-5e41b7b29a3f' , 'Japao') ON CONFLICT DO NOTHING;
INSERT INTO observation.country(id, name) VALUES ('8b5dd8e6-3762-4526-b09a-10a0ef0f1cc4' , 'Dominica') ON CONFLICT DO NOTHING;
INSERT INTO observation.country(id, name) VALUES ('3e9115be-84ee-42bc-8c25-a1f4b4cc1779' , 'Quirguistao') ON CONFLICT DO NOTHING;
INSERT INTO observation.country(id, name) VALUES ('1f5f4592-5ed5-4d46-a5dc-ed9c1e8aed04' , 'Centro-Africana, Rep.') ON CONFLICT DO NOTHING;
INSERT INTO observation.country(id, name) VALUES ('32642d04-e52a-4c85-b5bc-362aa4274276' , 'Tcheca, Republica') ON CONFLICT DO NOTHING;
INSERT INTO observation.country(id, name) VALUES ('9f4f02e2-4aa3-4e36-a9e7-2efaefa30365' , 'Liberia') ON CONFLICT DO NOTHING;
INSERT INTO observation.country(id, name) VALUES ('5d2c837d-397d-421a-9f76-92781aeee5f4' , 'Malasia') ON CONFLICT DO NOTHING;
INSERT INTO observation.country(id, name) VALUES ('844a2a9f-8db3-46b6-a923-b9b4c4dfa8fc' , 'Marrocos') ON CONFLICT DO NOTHING;
INSERT INTO observation.country(id, name) VALUES ('319bae68-63db-4d97-89a6-8aa4dfb21db0' , 'Mexico') ON CONFLICT DO NOTHING;
INSERT INTO observation.country(id, name) VALUES ('731bbeda-5234-40d5-8b02-8452836407d8' , 'Ira') ON CONFLICT DO NOTHING;
INSERT INTO observation.country(id, name) VALUES ('beb935ba-cd71-4ebe-ab9d-5c8052f1e1a5' , 'Iraque') ON CONFLICT DO NOTHING;
INSERT INTO observation.country(id, name) VALUES ('a13733e9-a000-4c7b-93c5-85015a84feec' , 'Samoa Ocidental') ON CONFLICT DO NOTHING;
INSERT INTO observation.country(id, name) VALUES ('29ce123f-5dc1-406b-900d-92679a5bfbbe' , 'Nova Zelandia') ON CONFLICT DO NOTHING;
INSERT INTO observation.country(id, name) VALUES ('82201c1d-d9e4-4d73-9e29-e560d4982714' , 'Paquistao') ON CONFLICT DO NOTHING;
INSERT INTO observation.country(id, name) VALUES ('2a96310f-70fa-4744-833f-326ca811a4a7' , 'Sao Cristovao e Nevis') ON CONFLICT DO NOTHING;
INSERT INTO observation.country(id, name) VALUES ('33d97a67-ce00-4774-ae96-096e90e1ba58' , 'Holanda') ON CONFLICT DO NOTHING;
INSERT INTO observation.country(id, name) VALUES ('3d8bc561-dee6-4302-b1aa-627c333d79e5' , 'Peru') ON CONFLICT DO NOTHING;
INSERT INTO observation.country(id, name) VALUES ('5b35b951-a02b-46e5-8e5c-2067aae0fe03' , 'Filipinas') ON CONFLICT DO NOTHING;
INSERT INTO observation.country(id, name) VALUES ('17dc27b3-ca9f-496b-97e3-cf5501d109e0' , 'Polonia') ON CONFLICT DO NOTHING;
INSERT INTO observation.country(id, name) VALUES ('ed7ae6e2-81c6-4700-a5de-0506602b6fe9' , 'Portugal') ON CONFLICT DO NOTHING;
INSERT INTO observation.country(id, name) VALUES ('f11ee463-8ff6-4ac5-a2ff-a50357b42788' , 'Sao Vicente e Granadinas') ON CONFLICT DO NOTHING;
INSERT INTO observation.country(id, name) VALUES ('cfee60fc-fec4-4be0-9e71-2d1f44836ae5' , 'Comores, Ilhas') ON CONFLICT DO NOTHING;
INSERT INTO observation.country(id, name) VALUES ('5ea890c7-f6d5-469d-9b1b-bcf4ac15ef64' , 'Marshall, Ilhas') ON CONFLICT DO NOTHING;
INSERT INTO observation.country(id, name) VALUES ('1139a52c-07fc-48ef-a285-cfdc0d302e3a' , 'Salomao, Ilhas') ON CONFLICT DO NOTHING;
INSERT INTO observation.country(id, name) VALUES ('288d1f5a-8079-4e0e-b5af-5463a569289f' , 'Suazilandia') ON CONFLICT DO NOTHING;
INSERT INTO observation.country(id, name) VALUES ('98fab85d-710b-4722-8bb7-a226ed514dd3' , 'Reino Unido') ON CONFLICT DO NOTHING;
INSERT INTO observation.country(id, name) VALUES ('d630fa95-ba8c-482c-95fc-f208809c0d56' , 'Vanuatu') ON CONFLICT DO NOTHING;
INSERT INTO observation.country(id, name) VALUES ('82cb019d-8195-41c7-9ea6-c81f486d34e6' , 'China') ON CONFLICT DO NOTHING;
INSERT INTO observation.country(id, name) VALUES ('03d0fd86-2050-496b-99f6-5938f97acde6' , 'Suecia') ON CONFLICT DO NOTHING;
INSERT INTO observation.country(id, name) VALUES ('0bedf353-206c-4317-8a0b-2c734c2ec98a' , 'Jordania') ON CONFLICT DO NOTHING;
INSERT INTO observation.country(id, name) VALUES ('c9357c12-fde1-4df2-8d07-cde1231821e6' , 'Suriname') ON CONFLICT DO NOTHING;
INSERT INTO observation.country(id, name) VALUES ('991a375d-38eb-4b79-bd7d-436c9e1461b9' , 'Kuait') ON CONFLICT DO NOTHING;
INSERT INTO observation.country(id, name) VALUES ('5c94d25b-0b2b-4af7-8c2f-f90aa8802f96' , 'Laos') ON CONFLICT DO NOTHING;
INSERT INTO observation.country(id, name) VALUES ('f4724cde-8fc7-4da1-b182-fea3cf3d986b' , 'Lesoto') ON CONFLICT DO NOTHING;
INSERT INTO observation.country(id, name) VALUES ('fd411848-c021-4963-9e6d-968a6bce5524' , 'Libano') ON CONFLICT DO NOTHING;
INSERT INTO observation.country(id, name) VALUES ('a35c7124-9a57-4cd3-820a-4bd8639a3a07' , 'Libia') ON CONFLICT DO NOTHING;
INSERT INTO observation.country(id, name) VALUES ('d0b257c4-9805-43df-a028-0f0d17afd7d5' , 'Liechtenstein') ON CONFLICT DO NOTHING;
INSERT INTO observation.country(id, name) VALUES ('cbf5320a-c840-410b-a7a4-8274ec49f318' , 'Tailandia') ON CONFLICT DO NOTHING;
INSERT INTO observation.country(id, name) VALUES ('6e7e14c1-779d-4e9c-ab77-2dfeb2626189' , 'Luxemburgo') ON CONFLICT DO NOTHING;
INSERT INTO observation.country(id, name) VALUES ('bea841ba-a256-49dd-829f-c05e60beb790' , 'Tunisia') ON CONFLICT DO NOTHING;
INSERT INTO observation.country(id, name) VALUES ('e620de4b-3ee5-4c89-b29b-777ba5c47da5' , 'Turquia') ON CONFLICT DO NOTHING;
INSERT INTO observation.country(id, name) VALUES ('5de60154-9525-405f-bf4c-f1615983c4b3' , 'Uniao Sovietica') ON CONFLICT DO NOTHING;
INSERT INTO observation.country(id, name) VALUES ('ed2d7d01-ca4c-4509-b769-2b58cf218ed4' , 'Africa do Sul') ON CONFLICT DO NOTHING;
INSERT INTO observation.country(id, name) VALUES ('7e9009c6-4bd3-4fd7-b878-90008ee14028' , 'Uruguai') ON CONFLICT DO NOTHING;
INSERT INTO observation.country(id, name) VALUES ('e512dcef-1730-4173-9ad3-e148d492be8b' , 'Venezuela') ON CONFLICT DO NOTHING;
INSERT INTO observation.country(id, name) VALUES ('aaa3a1b8-0212-4863-b19b-fff3dd2364f9' , 'Vietna') ON CONFLICT DO NOTHING;
INSERT INTO observation.country(id, name) VALUES ('2a7c56e4-c7ea-40d5-bd10-a8eec3b5bed0' , 'Iugoslavia') ON CONFLICT DO NOTHING;
INSERT INTO observation.country(id, name) VALUES ('3d54ed61-e206-4eb3-8def-b88a7735e88d' , 'Malaui') ON CONFLICT DO NOTHING;
INSERT INTO observation.country(id, name) VALUES ('de04ebba-724c-46a5-a288-a97a393dc24b' , 'Maldivas') ON CONFLICT DO NOTHING;
INSERT INTO observation.country(id, name) VALUES ('b91cd8ba-d4e2-4e07-988b-3a9fda8a86ca' , 'Mali') ON CONFLICT DO NOTHING;
INSERT INTO observation.country(id, name) VALUES ('d572d191-b34a-4386-ae4c-ad2cbc432b6d' , 'DESCONHECIDO') ON CONFLICT DO NOTHING;
INSERT INTO observation.country(id, name) VALUES ('4b1a31bf-9770-47a7-ba48-a614053b7768' , 'Malta') ON CONFLICT DO NOTHING;
INSERT INTO observation.country(id, name) VALUES ('4dde217f-a6b4-4734-b7bd-f49bd68a8d34' , 'Mauricio') ON CONFLICT DO NOTHING;
INSERT INTO observation.country(id, name) VALUES ('29ad95e5-f5ce-4e98-8f6b-315c075ce096' , 'Mauritania') ON CONFLICT DO NOTHING;
INSERT INTO observation.country(id, name) VALUES ('21f75bbf-f368-4224-9868-a6dcffb8e3fd' , 'Mocambique') ON CONFLICT DO NOTHING;
INSERT INTO observation.country(id, name) VALUES ('9b787acc-45a8-4cd9-a04e-6058afc5c60f' , 'Monaco') ON CONFLICT DO NOTHING;
INSERT INTO observation.country(id, name) VALUES ('aabb50ca-0f1a-44e7-bd01-eacf02138657' , 'Mongolia') ON CONFLICT DO NOTHING;
INSERT INTO observation.country(id, name) VALUES ('91ec276e-2934-4398-9af7-937be8f0ed6e' , 'Nauru') ON CONFLICT DO NOTHING;
INSERT INTO observation.country(id, name) VALUES ('07e7b248-3b99-4ab9-bb7d-a5f600d46ee7' , 'Albania') ON CONFLICT DO NOTHING;
INSERT INTO observation.country(id, name) VALUES ('3a545e8e-d29e-4729-95e4-d9741c395932' , 'Burkina Fasso') ON CONFLICT DO NOTHING;
INSERT INTO observation.country(id, name) VALUES ('beb82fe7-3aa9-41f8-89fe-8176d1f51544' , 'Andorra') ON CONFLICT DO NOTHING;
INSERT INTO observation.country(id, name) VALUES ('1598e421-c39e-4f35-9814-570ed1b21589' , 'Angola') ON CONFLICT DO NOTHING;
INSERT INTO observation.country(id, name) VALUES ('1b9c09f2-680f-4482-a7db-ecc62007c372' , 'Nepal') ON CONFLICT DO NOTHING;
INSERT INTO observation.country(id, name) VALUES ('09287d40-ce50-4221-a6ae-8ce9548ba8ae' , 'Antigua e Barbuda') ON CONFLICT DO NOTHING;
INSERT INTO observation.country(id, name) VALUES ('c0f923af-8c90-42c6-8f05-635a04dc6e48' , 'Nicaragua') ON CONFLICT DO NOTHING;
INSERT INTO observation.country(id, name) VALUES ('a96f139e-e015-4d01-8984-7e60a2089071' , 'Arabia Saudita') ON CONFLICT DO NOTHING;
INSERT INTO observation.country(id, name) VALUES ('102f82de-3147-4ee0-9d86-3b6095cabc9f' , 'Argelia') ON CONFLICT DO NOTHING;
INSERT INTO observation.country(id, name) VALUES ('ebbab1de-ea0e-4f6f-85ef-baf267c3993d' , 'Nigeria') ON CONFLICT DO NOTHING;
INSERT INTO observation.country(id, name) VALUES ('53fbfc96-3940-49cd-aa17-cb6a613acb5e' , 'Oma') ON CONFLICT DO NOTHING;
INSERT INTO observation.country(id, name) VALUES ('1e365bf6-56cd-4deb-9a7b-ae1a2c14eda0' , 'Panama') ON CONFLICT DO NOTHING;
INSERT INTO observation.country(id, name) VALUES ('79566bf6-6811-462d-b477-993bc61d4a87' , 'Bahamas') ON CONFLICT DO NOTHING;
INSERT INTO observation.country(id, name) VALUES ('655283ce-7edc-4253-a522-a760e826e3a8' , 'Bahrein') ON CONFLICT DO NOTHING;
INSERT INTO observation.country(id, name) VALUES ('98a4811f-e1f2-4e1a-94aa-45371332dff8' , 'Papua-Nova Guine') ON CONFLICT DO NOTHING;
INSERT INTO observation.country(id, name) VALUES ('da2bebf7-7748-4e00-8b1e-ae48246f7639' , 'Paraguai') ON CONFLICT DO NOTHING;
INSERT INTO observation.country(id, name) VALUES ('44e157aa-36e0-4c90-9c09-e108ab636649' , 'Coreia do Norte') ON CONFLICT DO NOTHING;
INSERT INTO observation.country(id, name) VALUES ('df8708c2-2a05-461f-adb0-514e0a8df669' , 'Belize') ON CONFLICT DO NOTHING;
INSERT INTO observation.country(id, name) VALUES ('a4105649-d98a-478a-9b2a-ae5f889680fd' , 'Madagascar') ON CONFLICT DO NOTHING;
INSERT INTO observation.country(id, name) VALUES ('a5392548-029f-4384-b36e-119a53ed14df' , 'Micronesia, Estados Federados da') ON CONFLICT DO NOTHING;
INSERT INTO observation.country(id, name) VALUES ('7aab0a3d-aaf9-4b6e-9d9a-a1bcc43cb291' , 'Romenia') ON CONFLICT DO NOTHING;
INSERT INTO observation.country(id, name) VALUES ('d4de61c0-489e-4f5b-bc43-61d4841435f0' , 'Belarus') ON CONFLICT DO NOTHING;
INSERT INTO observation.country(id, name) VALUES ('31282982-bb6e-4db7-86c8-c663f25cb3d4' , 'Ruanda') ON CONFLICT DO NOTHING;
INSERT INTO observation.country(id, name) VALUES ('54fa6278-76b7-4cee-bafd-a52b2d189aee' , 'Bolivia') ON CONFLICT DO NOTHING;
INSERT INTO observation.country(id, name) VALUES ('a5729b63-edaf-406c-8d12-f21c9ba384b0' , 'Botsuana') ON CONFLICT DO NOTHING;
INSERT INTO observation.country(id, name) VALUES ('a497c9d1-4789-4b1a-9058-4b8435ccd117' , 'Santa Lucia') ON CONFLICT DO NOTHING;
INSERT INTO observation.country(id, name) VALUES ('6c7dd4bb-ee22-4007-91f8-4f96a23447ad' , 'Brunei') ON CONFLICT DO NOTHING;
INSERT INTO observation.country(id, name) VALUES ('338b82f5-6781-428b-bc5e-4f10de98143c' , 'San Marino') ON CONFLICT DO NOTHING;
INSERT INTO observation.country(id, name) VALUES ('f66edd36-7467-4f9e-a139-071ac0f3cde7' , 'Burundi') ON CONFLICT DO NOTHING;
INSERT INTO observation.country(id, name) VALUES ('3e739b57-4ff7-4bc3-86f7-039b1c54e58a' , 'Butao') ON CONFLICT DO NOTHING;
INSERT INTO observation.country(id, name) VALUES ('aca6b2a8-e67d-4ceb-a7da-b0a595fd8dc4' , 'Sao Tome e Principe') ON CONFLICT DO NOTHING;
INSERT INTO observation.country(id, name) VALUES ('853f1047-3520-4f46-8942-9941443fcaa6' , 'Cabo Verde') ON CONFLICT DO NOTHING;
INSERT INTO observation.country(id, name) VALUES ('5ade5e97-f8f0-4496-9915-51fd5e7364f7' , 'Senegal') ON CONFLICT DO NOTHING;
INSERT INTO observation.country(id, name) VALUES ('f4e8c855-6bfa-4008-bbdc-11653579a992' , 'Camaroes') ON CONFLICT DO NOTHING;
INSERT INTO observation.country(id, name) VALUES ('2eeaa779-e35f-4fd3-a6ff-bd4a08ee5a23' , 'Camboja') ON CONFLICT DO NOTHING;
INSERT INTO observation.country(id, name) VALUES ('697d11f7-0aff-476b-add8-520de0904e2e' , 'Serra Leoa') ON CONFLICT DO NOTHING;
INSERT INTO observation.country(id, name) VALUES ('d65fc79b-5625-4b46-9e28-59060f9b7ea6' , 'Qatar') ON CONFLICT DO NOTHING;
INSERT INTO observation.country(id, name) VALUES ('d816b05e-6acf-4f76-978d-614685927f7c' , 'Chade') ON CONFLICT DO NOTHING;
INSERT INTO observation.country(id, name) VALUES ('0d1603b2-f384-4038-a2f5-0de47bfdf9f3' , 'Chipre') ON CONFLICT DO NOTHING;
INSERT INTO observation.country(id, name) VALUES ('bf684911-dfcc-4460-a4f0-88acba51c3cf' , 'Seychelles, Ilhas') ON CONFLICT DO NOTHING;
INSERT INTO observation.country(id, name) VALUES ('27f3cb2e-ef8d-4487-b69f-125bf3aed3b6' , 'Siria') ON CONFLICT DO NOTHING;
INSERT INTO observation.country(id, name) VALUES ('33a69052-f164-4137-870f-40cc2a1e2175' , 'Somalia') ON CONFLICT DO NOTHING;
INSERT INTO observation.country(id, name) VALUES ('1c2fef12-8ea0-4555-ab21-67eab715ee15' , 'Sudao') ON CONFLICT DO NOTHING;
INSERT INTO observation.country(id, name) VALUES ('cb59f5cd-aefa-47ca-b9a8-63f4de0b10cb' , 'Congo') ON CONFLICT DO NOTHING;
INSERT INTO observation.country(id, name) VALUES ('85e3da16-b017-412c-9bc9-d5f4ccda86bb' , 'Suica') ON CONFLICT DO NOTHING;
INSERT INTO observation.country(id, name) VALUES ('e75e6515-3dcf-4687-bbf8-f097b2b40b7a' , 'Togo') ON CONFLICT DO NOTHING;
INSERT INTO observation.country(id, name) VALUES ('b3d780d7-70d6-49ca-830a-576ec8d35445' , 'Costa do Marfim') ON CONFLICT DO NOTHING;
INSERT INTO observation.country(id, name) VALUES ('018589f3-55ed-4f74-97e3-d0a87ce2f42b' , 'Tonga') ON CONFLICT DO NOTHING;
INSERT INTO observation.country(id, name) VALUES ('b56df93f-e852-4ff8-a27d-36be1801f1ca' , 'Costa rica') ON CONFLICT DO NOTHING;
INSERT INTO observation.country(id, name) VALUES ('a5c608aa-8bd1-4f89-81d7-0e1b54dd5ad4' , 'Trinidad e Tobago') ON CONFLICT DO NOTHING;
INSERT INTO observation.country(id, name) VALUES ('b6005761-6c20-4724-97cf-92eb0ef75d7a' , 'Djibuti') ON CONFLICT DO NOTHING;
INSERT INTO observation.country(id, name) VALUES ('153346d1-9a1f-48fc-9adc-45817c6fb885' , 'Ucrania') ON CONFLICT DO NOTHING;
INSERT INTO observation.country(id, name) VALUES ('68f81777-689f-4c6e-92ce-f81600d2ebc1' , 'Dominicana, Republica') ON CONFLICT DO NOTHING;
INSERT INTO observation.country(id, name) VALUES ('68298906-395e-4fd3-9c1e-ef4090ab566b' , 'El Salvador') ON CONFLICT DO NOTHING;
INSERT INTO observation.country(id, name) VALUES ('da666b24-9577-45d7-a77e-a33c9c4a163f' , 'Emirados Arabes Unidos') ON CONFLICT DO NOTHING;
INSERT INTO observation.country(id, name) VALUES ('d69d0cca-3fa7-46ed-8c39-5385d7c0d3dd' , 'Etiopia') ON CONFLICT DO NOTHING;
INSERT INTO observation.country(id, name) VALUES ('0e7f39a1-7bd4-4acc-b244-fafd231f12aa' , 'Uganda') ON CONFLICT DO NOTHING;
INSERT INTO observation.country(id, name) VALUES ('7b1732c6-c6b7-4015-9f16-0258596561d0' , 'Vaticano, Cidade do') ON CONFLICT DO NOTHING;
INSERT INTO observation.country(id, name) VALUES ('74585996-ce7d-491d-b8de-a7ccd0a36632' , 'Fiji') ON CONFLICT DO NOTHING;
INSERT INTO observation.country(id, name) VALUES ('27e90cca-c7e0-48c5-9357-45803db13675' , 'Zaire') ON CONFLICT DO NOTHING;
INSERT INTO observation.country(id, name) VALUES ('8d7020dc-99ea-4d82-a2ac-194402a2d041' , 'Zambia') ON CONFLICT DO NOTHING;
INSERT INTO observation.country(id, name) VALUES ('b645f1ec-bf0b-4cb2-b80e-39a28df4bd0a' , 'Gabao') ON CONFLICT DO NOTHING;
INSERT INTO observation.country(id, name) VALUES ('377e9d82-a153-48e2-bcad-b1e7b970adcd' , 'Gambia') ON CONFLICT DO NOTHING;
INSERT INTO observation.country(id, name) VALUES ('c6094079-5dc5-4afc-994c-585f4b28da75' , 'Gana') ON CONFLICT DO NOTHING;
INSERT INTO observation.country(id, name) VALUES ('f4c8b28b-e29e-40b5-a1a7-44dddcda4cbe' , 'Palestina') ON CONFLICT DO NOTHING;
INSERT INTO observation.country(id, name) VALUES ('37a420b6-08f5-4f16-bbe5-77c743cba09a' , 'Zimbabue') ON CONFLICT DO NOTHING;
INSERT INTO observation.country(id, name) VALUES ('0eecb73a-095e-4fee-82b5-71407297be69' , 'Bosnia-Herzegovina') ON CONFLICT DO NOTHING;
INSERT INTO observation.country(id, name) VALUES ('c59a2d44-4d1e-454a-ba06-904a518a816b' , 'Georgia') ON CONFLICT DO NOTHING;
INSERT INTO observation.country(id, name) VALUES ('12adacf8-39d1-4dbc-bbc3-7666c0d02f39' , 'Tadjiquistao') ON CONFLICT DO NOTHING;
INSERT INTO observation.country(id, name) VALUES ('1182477b-575c-4247-8317-a2704f61bdc5' , 'Azerbaijao') ON CONFLICT DO NOTHING;
INSERT INTO observation.country(id, name) VALUES ('4cea8cfd-d9bb-470e-a7cd-e67db8cdccd2' , 'Granada') ON CONFLICT DO NOTHING;
INSERT INTO observation.country(id, name) VALUES ('05fa6639-65ec-4549-b8ae-ae27402d42c7' , 'Cazaquistao') ON CONFLICT DO NOTHING;
INSERT INTO observation.country(id, name) VALUES ('032048dc-af26-4614-9b01-0b822030d618' , 'Lituania') ON CONFLICT DO NOTHING;
INSERT INTO observation.country(id, name) VALUES ('72bd3443-345d-4adf-917d-4426ed8f8348' , 'Eslovenia') ON CONFLICT DO NOTHING;
INSERT INTO observation.country(id, name) VALUES ('f12b3b31-b325-4a5d-9dbf-5ab10241e9cd' , 'Guatemala') ON CONFLICT DO NOTHING;
INSERT INTO observation.country(id, name) VALUES ('c0762dbb-97bf-4af8-9a43-b5b5b1ae4e2f' , 'Eslovaquia') ON CONFLICT DO NOTHING;
INSERT INTO observation.country(id, name) VALUES ('6615e85a-676d-4de3-9917-2496f5f3b6c1' , 'Guiana') ON CONFLICT DO NOTHING;
INSERT INTO observation.country(id, name) VALUES ('8100a629-db47-44d8-8f38-0d7d8586a38d' , 'Turcomenistao') ON CONFLICT DO NOTHING;
INSERT INTO observation.country(id, name) VALUES ('12a95b04-e1ae-46d9-b37f-4eaada9cfcfb' , 'Guine') ON CONFLICT DO NOTHING;
INSERT INTO observation.country(id, name) VALUES ('92744bf8-0622-4018-8da6-5c0976a0cbaa' , 'Guine Equatorial') ON CONFLICT DO NOTHING;
INSERT INTO observation.country(id, name) VALUES ('98a5d4fe-172c-4803-98bd-ca9ce0fc20ab' , 'Guine-Bissau') ON CONFLICT DO NOTHING;
INSERT INTO observation.country(id, name) VALUES ('12d162c4-c42c-4dd3-b9d5-82e855dc6a3d' , 'Haiti') ON CONFLICT DO NOTHING;
INSERT INTO observation.country(id, name) VALUES ('64438703-e8cf-435b-a900-67dc6437873b' , 'Letonia') ON CONFLICT DO NOTHING;
INSERT INTO observation.country(id, name) VALUES ('54b16840-7c13-4112-8a83-c65eb3448810' , 'Russia, Federacao da') ON CONFLICT DO NOTHING;
INSERT INTO observation.country(id, name) VALUES ('a7e1aea3-0fd4-43be-a10a-c479101bee66' , 'Honduras') ON CONFLICT DO NOTHING;
INSERT INTO observation.country(id, name) VALUES ('4689e2b8-53c8-4290-ad40-3ba32a7c4ef0' , 'Estonia') ON CONFLICT DO NOTHING;
INSERT INTO observation.country(id, name) VALUES ('2bc04eaa-3818-4dd5-b570-8524d8ae46a0' , 'Hungria') ON CONFLICT DO NOTHING;
INSERT INTO observation.country(id, name) VALUES ('eb12dd77-7f6e-45fd-b321-3c8e7f138c79' , 'Iemen') ON CONFLICT DO NOTHING;
INSERT INTO observation.country(id, name) VALUES ('4c5f9386-40dd-467c-a305-b8287b0c2852' , 'Eritreia') ON CONFLICT DO NOTHING;
INSERT INTO observation.country(id, name) VALUES ('fa51d5b7-f1d8-4717-9cc7-70f55e8f4e53' , 'Uzbequistao') ON CONFLICT DO NOTHING;
INSERT INTO observation.country(id, name) VALUES ('38dc45e2-2691-4d89-8528-caadd42a4b8f' , 'Tuvalu') ON CONFLICT DO NOTHING;

SELECT * FROM observation.country;

-- POPULANDO observation.component;
INSERT INTO observation.component(id, name, j1, k1, k2, l2, m1, m2, n2, o1, p1, q1, s1, s2, t2, v2, type, velocity) VALUES ('069ebc6e-0fef-4587-8878-ec4ece9a4cf6','2KN2S2', '0', '0', '2', '0', '0', '0', '1', '0', '0', '0', '0', '-2', '0', '0', '0', '28,604') ON CONFLICT DO NOTHING;
INSERT INTO observation.component(id, name, j1, k1, k2, l2, m1, m2, n2, o1, p1, q1, s1, s2, t2, v2, type, velocity) VALUES ('5f67c0d9-3022-4b7e-ae49-b8c290b40723','2M2N8', '0', '0', '0', '0', '0', '2', '2', '0', '0', '0', '0', '0', '0', '0', '0', '114,848') ON CONFLICT DO NOTHING;
INSERT INTO observation.component(id, name, j1, k1, k2, l2, m1, m2, n2, o1, p1, q1, s1, s2, t2, v2, type, velocity) VALUES ('9937bb87-d685-4ad8-865a-c8c0d2a15ebf','2M2NO9', '2', '0', '0', '0', '0', '2', '0', '1', '0', '0', '0', '0', '0', '0', '0', '128,791') ON CONFLICT DO NOTHING;
INSERT INTO observation.component(id, name, j1, k1, k2, l2, m1, m2, n2, o1, p1, q1, s1, s2, t2, v2, type, velocity) VALUES ('3d332922-43a7-44c6-b142-b65da2d1ad07','2M2NS6', '0', '0', '0', '0', '0', '2', '2', '0', '0', '0', '0', '-1', '0', '0', '0', '84,8477') ON CONFLICT DO NOTHING;
INSERT INTO observation.component(id, name, j1, k1, k2, l2, m1, m2, n2, o1, p1, q1, s1, s2, t2, v2, type, velocity) VALUES ('f5a68020-e784-4b04-988e-a95ce114ddc3','2M2S8', '0', '0', '0', '0', '0', '2', '0', '0', '0', '0', '0', '2', '0', '0', '0', '117,968') ON CONFLICT DO NOTHING;
INSERT INTO observation.component(id, name, j1, k1, k2, l2, m1, m2, n2, o1, p1, q1, s1, s2, t2, v2, type, velocity) VALUES ('1414dda5-743c-408e-8abe-465654b4d826','2M2SK6', '0', '0', '-1', '0', '0', '2', '0', '0', '0', '0', '0', '2', '0', '0', '0', '87,8861') ON CONFLICT DO NOTHING;
INSERT INTO observation.component(id, name, j1, k1, k2, l2, m1, m2, n2, o1, p1, q1, s1, s2, t2, v2, type, velocity) VALUES ('72926d70-4dee-4ecd-bd27-06cdf99f05e7','2M2SK9', '0', '1', '0', '0', '0', '2', '0', '0', '0', '0', '0', '2', '0', '0', '0', '133,009') ON CONFLICT DO NOTHING;
INSERT INTO observation.component(id, name, j1, k1, k2, l2, m1, m2, n2, o1, p1, q1, s1, s2, t2, v2, type, velocity) VALUES ('9c36a496-1262-4fa4-9184-d34da8414a52','2M2SN10', '0', '0', '0', '0', '0', '2', '1', '0', '0', '0', '0', '2', '0', '0', '0', '146,408') ON CONFLICT DO NOTHING;
INSERT INTO observation.component(id, name, j1, k1, k2, l2, m1, m2, n2, o1, p1, q1, s1, s2, t2, v2, type, velocity) VALUES ('157862c0-4dec-4b0e-bfe9-262c42282338','2M2SO9', '0', '0', '0', '0', '0', '2', '0', '1', '0', '0', '0', '2', '0', '0', '0', '131,911') ON CONFLICT DO NOTHING;
INSERT INTO observation.component(id, name, j1, k1, k2, l2, m1, m2, n2, o1, p1, q1, s1, s2, t2, v2, type, velocity) VALUES ('c51d8d12-1152-4f9f-9d20-f7a00fafa5ce','2MK5', '0', '1', '0', '0', '0', '2', '0', '0', '0', '0', '0', '0', '0', '0', '0', '73,0093') ON CONFLICT DO NOTHING;
INSERT INTO observation.component(id, name, j1, k1, k2, l2, m1, m2, n2, o1, p1, q1, s1, s2, t2, v2, type, velocity) VALUES ('3cfc7fea-628c-464d-b3dd-25145d7ce93e','2MK6', '0', '0', '1', '0', '0', '2', '0', '0', '0', '0', '0', '0', '0', '0', '0', '88,0503') ON CONFLICT DO NOTHING;
INSERT INTO observation.component(id, name, j1, k1, k2, l2, m1, m2, n2, o1, p1, q1, s1, s2, t2, v2, type, velocity) VALUES ('f4718d96-361a-46aa-b507-66eb98f7f49c','2MKK7', '0', '1', '1', '0', '0', '2', '0', '0', '0', '0', '0', '0', '0', '0', '0', '103,091') ON CONFLICT DO NOTHING;
INSERT INTO observation.component(id, name, j1, k1, k2, l2, m1, m2, n2, o1, p1, q1, s1, s2, t2, v2, type, velocity) VALUES ('8f2efbbb-9292-43fb-bfed-e6ecc4413e08','2MKS4', '0', '0', '1', '0', '0', '2', '0', '0', '0', '0', '0', '-1', '0', '0', '0', '58,0503') ON CONFLICT DO NOTHING;
INSERT INTO observation.component(id, name, j1, k1, k2, l2, m1, m2, n2, o1, p1, q1, s1, s2, t2, v2, type, velocity) VALUES ('bf93cb03-5de7-42ba-b2d6-37055185189a','2MKT4', '0', '0', '1', '0', '0', '2', '0', '0', '0', '0', '0', '0', '-1', '0', '0', '58,0914') ON CONFLICT DO NOTHING;
INSERT INTO observation.component(id, name, j1, k1, k2, l2, m1, m2, n2, o1, p1, q1, s1, s2, t2, v2, type, velocity) VALUES ('ae316bb0-11b5-4006-bdee-fba8c4e9725f','2MN2S2', '0', '0', '0', '0', '0', '2', '1', '0', '0', '0', '0', '-2', '0', '0', '0', '26,4079') ON CONFLICT DO NOTHING;
INSERT INTO observation.component(id, name, j1, k1, k2, l2, m1, m2, n2, o1, p1, q1, s1, s2, t2, v2, type, velocity) VALUES ('7bdcdf41-df94-4466-89e8-61b75802cf1a','2MN6', '0', '0', '0', '0', '0', '2', '1', '0', '0', '0', '0', '0', '0', '0', '0', '86,4079') ON CONFLICT DO NOTHING;
INSERT INTO observation.component(id, name, j1, k1, k2, l2, m1, m2, n2, o1, p1, q1, s1, s2, t2, v2, type, velocity) VALUES ('bf73282d-ff3b-4814-bba4-111af59f3327','2MNK7', '0', '1', '0', '0', '0', '2', '1', '0', '0', '0', '0', '0', '0', '0', '0', '101,449') ON CONFLICT DO NOTHING;
INSERT INTO observation.component(id, name, j1, k1, k2, l2, m1, m2, n2, o1, p1, q1, s1, s2, t2, v2, type, velocity) VALUES ('2558bda6-c9d2-4105-a015-27dd7bdb5e90','2MNK8', '0', '0', '1', '0', '0', '2', '1', '0', '0', '0', '0', '0', '0', '0', '0', '116,49') ON CONFLICT DO NOTHING;
INSERT INTO observation.component(id, name, j1, k1, k2, l2, m1, m2, n2, o1, p1, q1, s1, s2, t2, v2, type, velocity) VALUES ('f493ebb6-c108-49fa-819b-82921237f55e','2MNO7', '0', '0', '0', '0', '0', '2', '1', '1', '0', '0', '0', '0', '0', '0', '0', '100,351') ON CONFLICT DO NOTHING;
INSERT INTO observation.component(id, name, j1, k1, k2, l2, m1, m2, n2, o1, p1, q1, s1, s2, t2, v2, type, velocity) VALUES ('c52e33ae-0804-4b6e-9bd9-e8b9b8030a8d','2MNSK10', '0', '0', '1', '0', '0', '2', '1', '0', '0', '0', '0', '1', '0', '0', '0', '146,49') ON CONFLICT DO NOTHING;
INSERT INTO observation.component(id, name, j1, k1, k2, l2, m1, m2, n2, o1, p1, q1, s1, s2, t2, v2, type, velocity) VALUES ('0a8d7550-c2ac-4e04-a47c-72032ca2bca5','2MNU6', '0', '0', '0', '0', '0', '2', '0', '0', '0', '0', '0', '0', '0', '1', '0', '86,4808') ON CONFLICT DO NOTHING;
INSERT INTO observation.component(id, name, j1, k1, k2, l2, m1, m2, n2, o1, p1, q1, s1, s2, t2, v2, type, velocity) VALUES ('387e799e-07dd-4952-a876-b15d12b04ed5','2MO5', '0', '0', '0', '0', '0', '2', '0', '1', '0', '0', '0', '0', '0', '0', '0', '71,9112') ON CONFLICT DO NOTHING;
INSERT INTO observation.component(id, name, j1, k1, k2, l2, m1, m2, n2, o1, p1, q1, s1, s2, t2, v2, type, velocity) VALUES ('8668a06c-2640-4cb8-9f27-42cb6047586a','2MP3', '0', '0', '0', '0', '0', '2', '0', '0', '-1', '0', '0', '0', '0', '0', '0', '43,0093') ON CONFLICT DO NOTHING;
INSERT INTO observation.component(id, name, j1, k1, k2, l2, m1, m2, n2, o1, p1, q1, s1, s2, t2, v2, type, velocity) VALUES ('4082025d-bde1-4388-8bb3-b7996d6809cb','2MQ3', '0', '0', '0', '0', '0', '2', '0', '0', '0', '-1', '0', '0', '0', '0', '0', '44,5695') ON CONFLICT DO NOTHING;
INSERT INTO observation.component(id, name, j1, k1, k2, l2, m1, m2, n2, o1, p1, q1, s1, s2, t2, v2, type, velocity) VALUES ('485609f5-494d-45a0-93a1-2adb4c7d515e','2MS2N2', '0', '0', '0', '0', '0', '2', '-2', '0', '0', '0', '0', '1', '0', '0', '0', '31,0887') ON CONFLICT DO NOTHING;
INSERT INTO observation.component(id, name, j1, k1, k2, l2, m1, m2, n2, o1, p1, q1, s1, s2, t2, v2, type, velocity) VALUES ('5c9efe48-c828-4bcf-bc31-21c8fb8621b1','2MS6', '0', '0', '0', '0', '0', '2', '0', '0', '0', '0', '0', '1', '0', '0', '0', '87,9682') ON CONFLICT DO NOTHING;
INSERT INTO observation.component(id, name, j1, k1, k2, l2, m1, m2, n2, o1, p1, q1, s1, s2, t2, v2, type, velocity) VALUES ('ca1287ca-1ab8-470e-8e04-8b92687f5141','2MSK4', '0', '0', '-1', '0', '0', '2', '0', '0', '0', '0', '0', '1', '0', '0', '0', '57,8861') ON CONFLICT DO NOTHING;
INSERT INTO observation.component(id, name, j1, k1, k2, l2, m1, m2, n2, o1, p1, q1, s1, s2, t2, v2, type, velocity) VALUES ('139d180b-d24e-4e3b-bfa0-7fed6b8bc5c5','2MSK7', '0', '1', '0', '0', '0', '2', '0', '0', '0', '0', '0', '1', '0', '0', '0', '103,009') ON CONFLICT DO NOTHING;
INSERT INTO observation.component(id, name, j1, k1, k2, l2, m1, m2, n2, o1, p1, q1, s1, s2, t2, v2, type, velocity) VALUES ('5bd6543f-a7e8-40b7-8936-0cbd452183af','2MSK8', '0', '0', '1', '0', '0', '2', '0', '0', '0', '0', '0', '1', '0', '0', '0', '118,05') ON CONFLICT DO NOTHING;
INSERT INTO observation.component(id, name, j1, k1, k2, l2, m1, m2, n2, o1, p1, q1, s1, s2, t2, v2, type, velocity) VALUES ('a0506684-237d-4957-bced-b89eb4a03575','2MSN8', '0', '0', '0', '0', '0', '2', '1', '0', '0', '0', '0', '1', '0', '0', '0', '116,408') ON CONFLICT DO NOTHING;
INSERT INTO observation.component(id, name, j1, k1, k2, l2, m1, m2, n2, o1, p1, q1, s1, s2, t2, v2, type, velocity) VALUES ('7648db8d-07e0-4656-b1d7-f5c60dddd61c','2MSNK6', '0', '0', '-1', '0', '0', '2', '1', '0', '0', '0', '0', '1', '0', '0', '0', '86,3258') ON CONFLICT DO NOTHING;
INSERT INTO observation.component(id, name, j1, k1, k2, l2, m1, m2, n2, o1, p1, q1, s1, s2, t2, v2, type, velocity) VALUES ('52a8f7c7-5f72-4427-9474-39198d5b4b24','2MSO7', '0', '0', '0', '0', '0', '2', '0', '1', '0', '0', '0', '1', '0', '0', '0', '101,911') ON CONFLICT DO NOTHING;
INSERT INTO observation.component(id, name, j1, k1, k2, l2, m1, m2, n2, o1, p1, q1, s1, s2, t2, v2, type, velocity) VALUES ('3b1a04e6-885c-4c64-8bde-0b3e799b2f8f','2MSP7', '0', '0', '0', '0', '0', '2', '0', '0', '1', '0', '0', '1', '0', '0', '0', '102,927') ON CONFLICT DO NOTHING;
INSERT INTO observation.component(id, name, j1, k1, k2, l2, m1, m2, n2, o1, p1, q1, s1, s2, t2, v2, type, velocity) VALUES ('3c0c4ae1-7f13-431e-8781-f60583facb39','2MST4', '0', '0', '0', '0', '0', '2', '0', '0', '0', '0', '0', '1', '-1', '0', '0', '58,0093') ON CONFLICT DO NOTHING;
INSERT INTO observation.component(id, name, j1, k1, k2, l2, m1, m2, n2, o1, p1, q1, s1, s2, t2, v2, type, velocity) VALUES ('ba75ab66-0dc4-4790-983b-fde0bb1db630','2MTS4', '0', '0', '0', '0', '0', '2', '0', '0', '0', '0', '0', '-1', '1', '0', '0', '57,9271') ON CONFLICT DO NOTHING;
INSERT INTO observation.component(id, name, j1, k1, k2, l2, m1, m2, n2, o1, p1, q1, s1, s2, t2, v2, type, velocity) VALUES ('4de04186-8d18-4b9e-b13a-a891d509c77c','2N2', '0', '0', '0', '0', '0', '0', '0', '0', '0', '0', '0', '0', '0', '0', '1', '27,8954') ON CONFLICT DO NOTHING;
INSERT INTO observation.component(id, name, j1, k1, k2, l2, m1, m2, n2, o1, p1, q1, s1, s2, t2, v2, type, velocity) VALUES ('ee24bd86-8779-4442-97d6-f5efe1d74b3b','2NM6', '0', '0', '0', '0', '0', '1', '2', '0', '0', '0', '0', '0', '0', '0', '0', '85,8636') ON CONFLICT DO NOTHING;
INSERT INTO observation.component(id, name, j1, k1, k2, l2, m1, m2, n2, o1, p1, q1, s1, s2, t2, v2, type, velocity) VALUES ('4ad71dc9-b7e7-48bc-925b-4fa0176c86bc','2NMO7', '0', '0', '0', '0', '0', '1', '2', '1', '0', '0', '0', '0', '0', '0', '0', '99,8066') ON CONFLICT DO NOTHING;
INSERT INTO observation.component(id, name, j1, k1, k2, l2, m1, m2, n2, o1, p1, q1, s1, s2, t2, v2, type, velocity) VALUES ('bc2b967f-e316-448c-805d-4bd5db3405b5','2NS2', '0', '0', '0', '0', '0', '0', '2', '0', '0', '0', '0', '-1', '0', '0', '0', '26,8795') ON CONFLICT DO NOTHING;
INSERT INTO observation.component(id, name, j1, k1, k2, l2, m1, m2, n2, o1, p1, q1, s1, s2, t2, v2, type, velocity) VALUES ('d3a56852-fede-4b3f-aa72-b1de9e888efc','2NUM2', '0', '0', '0', '0', '0', '-1', '0', '0', '0', '0', '0', '0', '0', '2', '0', '28,0411') ON CONFLICT DO NOTHING;
INSERT INTO observation.component(id, name, j1, k1, k2, l2, m1, m2, n2, o1, p1, q1, s1, s2, t2, v2, type, velocity) VALUES ('f992eff5-a32f-4ed2-8c25-c0e5d14364de','2PO1', '0', '0', '0', '0', '0', '0', '0', '-1', '2', '0', '0', '0', '0', '0', '0', '15,9748') ON CONFLICT DO NOTHING;
INSERT INTO observation.component(id, name, j1, k1, k2, l2, m1, m2, n2, o1, p1, q1, s1, s2, t2, v2, type, velocity) VALUES ('79659262-6c08-4cf5-b0e5-31f4cc5285eb','2Q1', '0', '0', '0', '0', '0', '0', '0', '0', '0', '0', '0', '0', '0', '0', '1', '12,8543') ON CONFLICT DO NOTHING;
INSERT INTO observation.component(id, name, j1, k1, k2, l2, m1, m2, n2, o1, p1, q1, s1, s2, t2, v2, type, velocity) VALUES ('7e2f98dd-ac04-4ee1-855f-587d46536285','2SK2', '0', '0', '-1', '0', '0', '0', '0', '0', '0', '0', '0', '2', '0', '0', '0', '29,9179') ON CONFLICT DO NOTHING;
INSERT INTO observation.component(id, name, j1, k1, k2, l2, m1, m2, n2, o1, p1, q1, s1, s2, t2, v2, type, velocity) VALUES ('b06d87ff-9d34-4cf1-bffb-643f0751cbc2','2SM2', '0', '0', '0', '0', '0', '-1', '0', '0', '0', '0', '0', '2', '0', '0', '0', '31,0159') ON CONFLICT DO NOTHING;
INSERT INTO observation.component(id, name, j1, k1, k2, l2, m1, m2, n2, o1, p1, q1, s1, s2, t2, v2, type, velocity) VALUES ('0a8305a2-a04a-4b55-8876-d57d57a38179','2SM6', '0', '0', '0', '0', '0', '1', '0', '0', '0', '0', '0', '2', '0', '0', '0', '88,9841') ON CONFLICT DO NOTHING;
INSERT INTO observation.component(id, name, j1, k1, k2, l2, m1, m2, n2, o1, p1, q1, s1, s2, t2, v2, type, velocity) VALUES ('0401bb60-1f08-4c1f-b58f-62bb87960790','2SMK7', '0', '1', '0', '0', '0', '1', '0', '0', '0', '0', '0', '2', '0', '0', '0', '104,025') ON CONFLICT DO NOTHING;
INSERT INTO observation.component(id, name, j1, k1, k2, l2, m1, m2, n2, o1, p1, q1, s1, s2, t2, v2, type, velocity) VALUES ('bef94368-3336-435c-bb13-13c6fde81bb5','2SN2', '0', '0', '0', '0', '0', '0', '-1', '0', '0', '0', '0', '2', '0', '0', '0', '31,5603') ON CONFLICT DO NOTHING;
INSERT INTO observation.component(id, name, j1, k1, k2, l2, m1, m2, n2, o1, p1, q1, s1, s2, t2, v2, type, velocity) VALUES ('0ecf327b-0eaa-43ad-a0f8-001e12a7a6ee','3M2S10', '0', '0', '0', '0', '0', '3', '0', '0', '0', '0', '0', '2', '0', '0', '0', '146,952') ON CONFLICT DO NOTHING;
INSERT INTO observation.component(id, name, j1, k1, k2, l2, m1, m2, n2, o1, p1, q1, s1, s2, t2, v2, type, velocity) VALUES ('fbec6581-8374-47ef-8445-d344685320e1','3M2S2', '0', '0', '0', '0', '0', '3', '0', '0', '0', '0', '0', '-2', '0', '0', '0', '26,9523') ON CONFLICT DO NOTHING;
INSERT INTO observation.component(id, name, j1, k1, k2, l2, m1, m2, n2, o1, p1, q1, s1, s2, t2, v2, type, velocity) VALUES ('36867a69-888c-425f-839a-4c48ffc17798','3M2SK11', '0', '1', '0', '0', '0', '3', '0', '0', '0', '0', '0', '2', '0', '0', '0', '161,993') ON CONFLICT DO NOTHING;
INSERT INTO observation.component(id, name, j1, k1, k2, l2, m1, m2, n2, o1, p1, q1, s1, s2, t2, v2, type, velocity) VALUES ('e47c0e2a-1b26-418a-945b-36019d8d9346','3M2SO11', '0', '0', '0', '0', '0', '3', '0', '1', '0', '0', '0', '2', '0', '0', '0', '160,895') ON CONFLICT DO NOTHING;
INSERT INTO observation.component(id, name, j1, k1, k2, l2, m1, m2, n2, o1, p1, q1, s1, s2, t2, v2, type, velocity) VALUES ('bcb12da3-955d-4cb9-8cb8-1e47341b293c','3MK7', '0', '1', '0', '0', '0', '3', '0', '0', '0', '0', '0', '0', '0', '0', '0', '101,993') ON CONFLICT DO NOTHING;
INSERT INTO observation.component(id, name, j1, k1, k2, l2, m1, m2, n2, o1, p1, q1, s1, s2, t2, v2, type, velocity) VALUES ('7016041d-5d72-4a20-89af-ec2cc0e4d824','3MK8', '0', '0', '4', '0', '0', '3', '0', '0', '0', '0', '0', '0', '0', '0', '0', '117,034') ON CONFLICT DO NOTHING;
INSERT INTO observation.component(id, name, j1, k1, k2, l2, m1, m2, n2, o1, p1, q1, s1, s2, t2, v2, type, velocity) VALUES ('846c0aae-461a-4620-9bfe-ce595d6792e1','3MKKS7', '0', '1', '1', '0', '0', '3', '0', '0', '0', '0', '0', '-1', '0', '0', '0', '102,076') ON CONFLICT DO NOTHING;
INSERT INTO observation.component(id, name, j1, k1, k2, l2, m1, m2, n2, o1, p1, q1, s1, s2, t2, v2, type, velocity) VALUES ('f8ad5b3b-fd88-4cf2-97b3-c733a52d2fbc','3MN4', '0', '0', '0', '0', '0', '3', '-1', '0', '0', '0', '0', '0', '0', '0', '0', '58,5126') ON CONFLICT DO NOTHING;
INSERT INTO observation.component(id, name, j1, k1, k2, l2, m1, m2, n2, o1, p1, q1, s1, s2, t2, v2, type, velocity) VALUES ('ca2cf7af-3efc-46fd-b80e-fb3e9c45ba22','3MN8', '0', '0', '0', '0', '0', '3', '1', '0', '0', '0', '0', '0', '0', '0', '0', '115,392') ON CONFLICT DO NOTHING;
INSERT INTO observation.component(id, name, j1, k1, k2, l2, m1, m2, n2, o1, p1, q1, s1, s2, t2, v2, type, velocity) VALUES ('3bc48ff8-d9f0-4611-96d5-5eae6274426a','3MNK9', '0', '1', '0', '0', '0', '3', '1', '0', '0', '0', '0', '0', '0', '0', '0', '130,433') ON CONFLICT DO NOTHING;
INSERT INTO observation.component(id, name, j1, k1, k2, l2, m1, m2, n2, o1, p1, q1, s1, s2, t2, v2, type, velocity) VALUES ('30938be3-d174-4802-bf52-72d0f2bfa560','3MNKS12', '0', '0', '1', '0', '0', '3', '1', '0', '0', '0', '0', '1', '0', '0', '0', '175,474') ON CONFLICT DO NOTHING;
INSERT INTO observation.component(id, name, j1, k1, k2, l2, m1, m2, n2, o1, p1, q1, s1, s2, t2, v2, type, velocity) VALUES ('65a38701-0c4c-4639-ab37-ec44d8254dc0','3MNKS7', '0', '1', '0', '0', '0', '3', '1', '0', '0', '0', '0', '-1', '0', '0', '0', '100,433') ON CONFLICT DO NOTHING;
INSERT INTO observation.component(id, name, j1, k1, k2, l2, m1, m2, n2, o1, p1, q1, s1, s2, t2, v2, type, velocity) VALUES ('49f75066-0e52-4326-b1ab-e467237ad420','3MNO9', '0', '0', '0', '0', '0', '3', '1', '1', '0', '0', '0', '0', '0', '0', '0', '129,335') ON CONFLICT DO NOTHING;
INSERT INTO observation.component(id, name, j1, k1, k2, l2, m1, m2, n2, o1, p1, q1, s1, s2, t2, v2, type, velocity) VALUES ('a729ef29-205d-4e64-bb3d-2ff1ce36e59b','3MNOS7', '0', '0', '0', '0', '0', '3', '1', '1', '0', '0', '0', '-1', '0', '0', '0', '99,3351') ON CONFLICT DO NOTHING;
INSERT INTO observation.component(id, name, j1, k1, k2, l2, m1, m2, n2, o1, p1, q1, s1, s2, t2, v2, type, velocity) VALUES ('90c725b9-f2f0-42b7-b978-4e4f4467d5be','3MNS6', '0', '0', '0', '0', '0', '3', '1', '0', '0', '0', '0', '-1', '0', '0', '0', '85,392') ON CONFLICT DO NOTHING;
INSERT INTO observation.component(id, name, j1, k1, k2, l2, m1, m2, n2, o1, p1, q1, s1, s2, t2, v2, type, velocity) VALUES ('a3add66b-046f-4b43-a4fc-1f30fd463380','3MO7', '0', '0', '0', '0', '0', '3', '0', '1', '0', '0', '0', '0', '0', '0', '0', '100,895') ON CONFLICT DO NOTHING;
INSERT INTO observation.component(id, name, j1, k1, k2, l2, m1, m2, n2, o1, p1, q1, s1, s2, t2, v2, type, velocity) VALUES ('47b8bf72-e916-4453-9ffe-767975a15cfe','3MS4', '0', '0', '0', '0', '0', '3', '0', '0', '0', '0', '0', '-1', '0', '0', '0', '56,9523') ON CONFLICT DO NOTHING;
INSERT INTO observation.component(id, name, j1, k1, k2, l2, m1, m2, n2, o1, p1, q1, s1, s2, t2, v2, type, velocity) VALUES ('eae5dabc-1cbb-4919-9a4f-c294f34378c6','3MS8', '0', '0', '0', '0', '0', '3', '0', '0', '0', '0', '0', '1', '0', '0', '0', '116,952') ON CONFLICT DO NOTHING;
INSERT INTO observation.component(id, name, j1, k1, k2, l2, m1, m2, n2, o1, p1, q1, s1, s2, t2, v2, type, velocity) VALUES ('57a4c022-d608-4835-9872-f72398b09c73','3MSK10', '0', '0', '1', '0', '0', '3', '0', '0', '0', '0', '0', '1', '0', '0', '0', '147,034') ON CONFLICT DO NOTHING;
INSERT INTO observation.component(id, name, j1, k1, k2, l2, m1, m2, n2, o1, p1, q1, s1, s2, t2, v2, type, velocity) VALUES ('93ff7813-d871-4319-94b8-65fdb291288f','3MSK6', '0', '0', '-1', '0', '0', '3', '0', '0', '0', '0', '0', '1', '0', '0', '0', '86,8702') ON CONFLICT DO NOTHING;
INSERT INTO observation.component(id, name, j1, k1, k2, l2, m1, m2, n2, o1, p1, q1, s1, s2, t2, v2, type, velocity) VALUES ('f0f1acb9-b812-4bb3-9d47-819717d9f165','3MSK9', '0', '1', '0', '0', '0', '3', '0', '0', '0', '0', '0', '1', '0', '0', '0', '131,993') ON CONFLICT DO NOTHING;
INSERT INTO observation.component(id, name, j1, k1, k2, l2, m1, m2, n2, o1, p1, q1, s1, s2, t2, v2, type, velocity) VALUES ('4f13ccc8-6210-4622-b641-6dc3332d5a61','3MSKN7', '0', '1', '0', '0', '0', '3', '-1', '0', '0', '0', '0', '1', '0', '0', '0', '103,554') ON CONFLICT DO NOTHING;
INSERT INTO observation.component(id, name, j1, k1, k2, l2, m1, m2, n2, o1, p1, q1, s1, s2, t2, v2, type, velocity) VALUES ('48fecbaf-9eb8-49ed-ace0-4355f7097762','3MSN10', '0', '0', '0', '0', '0', '3', '1', '0', '0', '0', '0', '1', '0', '0', '0', '145,392') ON CONFLICT DO NOTHING;
INSERT INTO observation.component(id, name, j1, k1, k2, l2, m1, m2, n2, o1, p1, q1, s1, s2, t2, v2, type, velocity) VALUES ('2fa1f677-333b-4db0-a8ee-aa9ffeac6120','3MSN6', '0', '0', '0', '0', '0', '3', '-1', '0', '0', '0', '0', '1', '0', '0', '0', '88,5126') ON CONFLICT DO NOTHING;
INSERT INTO observation.component(id, name, j1, k1, k2, l2, m1, m2, n2, o1, p1, q1, s1, s2, t2, v2, type, velocity) VALUES ('27bb3f92-a445-4b69-8b2b-e65c005f41fe','3MSO9', '0', '0', '0', '0', '0', '3', '0', '1', '0', '0', '0', '1', '0', '0', '0', '130,895') ON CONFLICT DO NOTHING;
INSERT INTO observation.component(id, name, j1, k1, k2, l2, m1, m2, n2, o1, p1, q1, s1, s2, t2, v2, type, velocity) VALUES ('0b157f25-25d9-4daa-b34f-884eeb81d9c0','3SM8', '0', '0', '0', '0', '0', '1', '0', '0', '0', '0', '0', '3', '0', '0', '0', '118,984') ON CONFLICT DO NOTHING;
INSERT INTO observation.component(id, name, j1, k1, k2, l2, m1, m2, n2, o1, p1, q1, s1, s2, t2, v2, type, velocity) VALUES ('65f0931a-65c1-4e22-8210-708ee2d80821','3SN8', '0', '0', '0', '0', '0', '0', '1', '0', '0', '0', '0', '3', '0', '0', '0', '118,44') ON CONFLICT DO NOTHING;
INSERT INTO observation.component(id, name, j1, k1, k2, l2, m1, m2, n2, o1, p1, q1, s1, s2, t2, v2, type, velocity) VALUES ('4240e31b-f8f6-4cb1-9cd0-a2d80468f477','4M2S12', '0', '0', '0', '0', '0', '4', '0', '0', '0', '0', '0', '2', '0', '0', '0', '175,936') ON CONFLICT DO NOTHING;
INSERT INTO observation.component(id, name, j1, k1, k2, l2, m1, m2, n2, o1, p1, q1, s1, s2, t2, v2, type, velocity) VALUES ('b98e6123-9966-4c66-ad48-6ee8ba3e09b8','4MK6', '0', '0', '-1', '0', '0', '4', '0', '0', '0', '0', '0', '0', '0', '0', '0', '85,8543') ON CONFLICT DO NOTHING;
INSERT INTO observation.component(id, name, j1, k1, k2, l2, m1, m2, n2, o1, p1, q1, s1, s2, t2, v2, type, velocity) VALUES ('51bd2b61-4a56-4846-9e57-3dbd8bc19879','4MK9', '0', '1', '0', '0', '0', '4', '0', '0', '0', '0', '0', '0', '0', '0', '0', '130,977') ON CONFLICT DO NOTHING;
INSERT INTO observation.component(id, name, j1, k1, k2, l2, m1, m2, n2, o1, p1, q1, s1, s2, t2, v2, type, velocity) VALUES ('42eb7646-f663-41a7-8a61-262316f801a4','4MN10', '0', '0', '0', '0', '0', '4', '1', '0', '0', '0', '0', '0', '0', '0', '0', '144,376') ON CONFLICT DO NOTHING;
INSERT INTO observation.component(id, name, j1, k1, k2, l2, m1, m2, n2, o1, p1, q1, s1, s2, t2, v2, type, velocity) VALUES ('1587afdd-4019-4a08-9aad-2af6c327cd93','4MN6', '0', '0', '0', '0', '0', '4', '-1', '0', '0', '0', '0', '0', '0', '0', '0', '87,4967') ON CONFLICT DO NOTHING;
INSERT INTO observation.component(id, name, j1, k1, k2, l2, m1, m2, n2, o1, p1, q1, s1, s2, t2, v2, type, velocity) VALUES ('1498fe5d-25fa-4a54-aaf0-973ef14dfe9e','4MNK11', '0', '1', '0', '0', '0', '4', '1', '0', '0', '0', '0', '0', '0', '0', '0', '159,417') ON CONFLICT DO NOTHING;
INSERT INTO observation.component(id, name, j1, k1, k2, l2, m1, m2, n2, o1, p1, q1, s1, s2, t2, v2, type, velocity) VALUES ('6bfdf7cb-09a7-4f53-86b1-8d4b8437293f','4MNO11', '0', '0', '0', '0', '0', '4', '1', '1', '0', '0', '0', '0', '0', '0', '0', '158,319') ON CONFLICT DO NOTHING;
INSERT INTO observation.component(id, name, j1, k1, k2, l2, m1, m2, n2, o1, p1, q1, s1, s2, t2, v2, type, velocity) VALUES ('da635d7d-ce46-439a-a8d5-337591a07f08','4MNP11', '0', '0', '0', '0', '0', '4', '1', '0', '1', '0', '0', '0', '0', '0', '0', '159,335') ON CONFLICT DO NOTHING;
INSERT INTO observation.component(id, name, j1, k1, k2, l2, m1, m2, n2, o1, p1, q1, s1, s2, t2, v2, type, velocity) VALUES ('1e92b521-855a-49bd-addb-cabfeece0af4','4MO9', '0', '0', '0', '0', '0', '4', '0', '1', '0', '0', '0', '0', '0', '0', '0', '129,879') ON CONFLICT DO NOTHING;
INSERT INTO observation.component(id, name, j1, k1, k2, l2, m1, m2, n2, o1, p1, q1, s1, s2, t2, v2, type, velocity) VALUES ('9cff54c2-e916-428e-88bd-1e5565644fb7','4MOS7', '0', '0', '0', '0', '0', '4', '0', '1', '0', '0', '0', '-1', '0', '0', '0', '99,8795') ON CONFLICT DO NOTHING;
INSERT INTO observation.component(id, name, j1, k1, k2, l2, m1, m2, n2, o1, p1, q1, s1, s2, t2, v2, type, velocity) VALUES ('7766690c-b79e-45d3-ad78-d30a036ea8dc','4MS10', '0', '0', '0', '0', '0', '4', '0', '0', '0', '0', '0', '1', '0', '0', '0', '145,936') ON CONFLICT DO NOTHING;
INSERT INTO observation.component(id, name, j1, k1, k2, l2, m1, m2, n2, o1, p1, q1, s1, s2, t2, v2, type, velocity) VALUES ('93c614f6-afe9-486d-9e27-3e4984099f3e','4MS6', '0', '0', '0', '0', '0', '4', '0', '0', '0', '0', '0', '-1', '0', '0', '0', '85,9364') ON CONFLICT DO NOTHING;
INSERT INTO observation.component(id, name, j1, k1, k2, l2, m1, m2, n2, o1, p1, q1, s1, s2, t2, v2, type, velocity) VALUES ('62e45a92-1275-4c42-bbb3-606b8bec26f9','4MSK11', '0', '1', '0', '0', '0', '4', '0', '0', '0', '0', '0', '1', '0', '0', '0', '160,977') ON CONFLICT DO NOTHING;
INSERT INTO observation.component(id, name, j1, k1, k2, l2, m1, m2, n2, o1, p1, q1, s1, s2, t2, v2, type, velocity) VALUES ('ab3264ae-e3c6-4ee4-a531-67e8b696b7d1','4MSN12', '0', '0', '0', '0', '0', '4', '1', '0', '0', '0', '0', '1', '0', '0', '0', '174,376') ON CONFLICT DO NOTHING;
INSERT INTO observation.component(id, name, j1, k1, k2, l2, m1, m2, n2, o1, p1, q1, s1, s2, t2, v2, type, velocity) VALUES ('fe48948d-cf51-4e2d-8bfb-4754db3cce9b','4MSO11', '0', '0', '0', '0', '0', '4', '0', '1', '0', '0', '0', '1', '0', '0', '0', '159,879') ON CONFLICT DO NOTHING;
INSERT INTO observation.component(id, name, j1, k1, k2, l2, m1, m2, n2, o1, p1, q1, s1, s2, t2, v2, type, velocity) VALUES ('49e0fe35-1f3c-44fc-8a53-9b187f85120f','4SK9', '0', '1', '0', '0', '0', '0', '0', '0', '0', '0', '0', '4', '0', '0', '0', '135,041') ON CONFLICT DO NOTHING;
INSERT INTO observation.component(id, name, j1, k1, k2, l2, m1, m2, n2, o1, p1, q1, s1, s2, t2, v2, type, velocity) VALUES ('ea68beef-476c-4ef5-a045-9ab911b0d4d3','5MK11', '0', '1', '0', '0', '0', '5', '0', '0', '0', '0', '0', '0', '0', '0', '0', '159,962') ON CONFLICT DO NOTHING;
INSERT INTO observation.component(id, name, j1, k1, k2, l2, m1, m2, n2, o1, p1, q1, s1, s2, t2, v2, type, velocity) VALUES ('b3ff9159-e110-4725-870b-a9927ae6e7b4','5MN12', '0', '0', '0', '0', '0', '5', '1', '0', '0', '0', '0', '0', '0', '0', '0', '173,36') ON CONFLICT DO NOTHING;
INSERT INTO observation.component(id, name, j1, k1, k2, l2, m1, m2, n2, o1, p1, q1, s1, s2, t2, v2, type, velocity) VALUES ('25ce8437-8be4-4d82-9f3b-01edb11a382c','5MO11', '0', '0', '0', '0', '0', '5', '0', '1', '0', '0', '0', '0', '0', '0', '0', '158,864') ON CONFLICT DO NOTHING;
INSERT INTO observation.component(id, name, j1, k1, k2, l2, m1, m2, n2, o1, p1, q1, s1, s2, t2, v2, type, velocity) VALUES ('36bff488-d72c-4cd3-be76-54013effeb7c','5MS12', '0', '0', '0', '0', '0', '5', '0', '0', '0', '0', '0', '1', '0', '0', '0', '174,921') ON CONFLICT DO NOTHING;
INSERT INTO observation.component(id, name, j1, k1, k2, l2, m1, m2, n2, o1, p1, q1, s1, s2, t2, v2, type, velocity) VALUES ('8807855c-2ad2-4904-9bae-cc1239945957','5SK11', '0', '1', '0', '0', '0', '0', '0', '0', '0', '0', '0', '5', '0', '0', '0', '165,041') ON CONFLICT DO NOTHING;
INSERT INTO observation.component(id, name, j1, k1, k2, l2, m1, m2, n2, o1, p1, q1, s1, s2, t2, v2, type, velocity) VALUES ('b9c30348-d12d-41c9-9bbd-7b8e94bc1d64','FI1', '0', '0', '0', '0', '0', '0', '0', '0', '0', '0', '0', '0', '0', '0', '1', '15,1232') ON CONFLICT DO NOTHING;
INSERT INTO observation.component(id, name, j1, k1, k2, l2, m1, m2, n2, o1, p1, q1, s1, s2, t2, v2, type, velocity) VALUES ('eea18f0a-326e-4b38-a360-906ceb5263b7','J1', '0', '0', '0', '0', '0', '0', '0', '0', '0', '0', '0', '0', '0', '0', '1', '15,5854') ON CONFLICT DO NOTHING;
INSERT INTO observation.component(id, name, j1, k1, k2, l2, m1, m2, n2, o1, p1, q1, s1, s2, t2, v2, type, velocity) VALUES ('f96f1779-4da0-4e4d-9530-e1769624c268','K1', '0', '0', '0', '0', '0', '0', '0', '0', '0', '0', '0', '0', '0', '0', '1', '15,0411') ON CONFLICT DO NOTHING;
INSERT INTO observation.component(id, name, j1, k1, k2, l2, m1, m2, n2, o1, p1, q1, s1, s2, t2, v2, type, velocity) VALUES ('3a238ef5-1439-4ba9-bc30-bc8841023858','K2', '0', '0', '0', '0', '0', '0', '0', '0', '0', '0', '0', '0', '0', '0', '1', '30,0821') ON CONFLICT DO NOTHING;
INSERT INTO observation.component(id, name, j1, k1, k2, l2, m1, m2, n2, o1, p1, q1, s1, s2, t2, v2, type, velocity) VALUES ('f852553d-46f1-454e-9e7d-95414d72b12e','KJ2', '1', '1', '0', '0', '0', '0', '0', '0', '0', '0', '0', '0', '0', '0', '0', '30,6265') ON CONFLICT DO NOTHING;
INSERT INTO observation.component(id, name, j1, k1, k2, l2, m1, m2, n2, o1, p1, q1, s1, s2, t2, v2, type, velocity) VALUES ('b8da5c33-ff7a-4582-a7ec-f8876d45c4ff','KQ1', '0', '0', '1', '0', '0', '0', '0', '0', '0', '-1', '0', '0', '0', '0', '0', '16,6835') ON CONFLICT DO NOTHING;
INSERT INTO observation.component(id, name, j1, k1, k2, l2, m1, m2, n2, o1, p1, q1, s1, s2, t2, v2, type, velocity) VALUES ('1ec847de-8b57-439f-bdcc-0ffdd38b8995','L2', '0', '0', '0', '0', '0', '0', '0', '0', '0', '0', '0', '0', '0', '0', '1', '29,5285') ON CONFLICT DO NOTHING;
INSERT INTO observation.component(id, name, j1, k1, k2, l2, m1, m2, n2, o1, p1, q1, s1, s2, t2, v2, type, velocity) VALUES ('3948f1a1-a56d-4fd2-bd40-f9aafe5becce','LAMBD2', '0', '0', '0', '0', '0', '0', '0', '0', '0', '0', '0', '0', '0', '0', '1', '29,4556') ON CONFLICT DO NOTHING;
INSERT INTO observation.component(id, name, j1, k1, k2, l2, m1, m2, n2, o1, p1, q1, s1, s2, t2, v2, type, velocity) VALUES ('385dc194-3e9e-492e-8332-10c14a7ce0d7','M1', '0', '0', '0', '0', '0', '0', '0', '0', '0', '0', '0', '0', '0', '0', '1', '14,4967') ON CONFLICT DO NOTHING;
INSERT INTO observation.component(id, name, j1, k1, k2, l2, m1, m2, n2, o1, p1, q1, s1, s2, t2, v2, type, velocity) VALUES ('e11c9351-0436-4513-9650-fe85284a63bd','M10', '0', '0', '0', '0', '0', '5', '0', '0', '0', '0', '0', '0', '0', '0', '0', '144,921') ON CONFLICT DO NOTHING;
INSERT INTO observation.component(id, name, j1, k1, k2, l2, m1, m2, n2, o1, p1, q1, s1, s2, t2, v2, type, velocity) VALUES ('cc0c567b-74d6-42c8-81d3-a88b9acb481e','M12', '0', '0', '0', '0', '0', '6', '0', '0', '0', '0', '0', '0', '0', '0', '0', '173,905') ON CONFLICT DO NOTHING;
INSERT INTO observation.component(id, name, j1, k1, k2, l2, m1, m2, n2, o1, p1, q1, s1, s2, t2, v2, type, velocity) VALUES ('3a9bf751-e3e1-48db-843c-715cf63b6c57','M2', '0', '0', '0', '0', '0', '0', '0', '0', '0', '0', '0', '0', '0', '0', '1', '28,9841') ON CONFLICT DO NOTHING;
INSERT INTO observation.component(id, name, j1, k1, k2, l2, m1, m2, n2, o1, p1, q1, s1, s2, t2, v2, type, velocity) VALUES ('967583ee-be09-4180-a3d6-96ed98f35a4e','M3', '0', '0', '0', '0', '0', '0', '0', '0', '0', '0', '0', '0', '0', '0', '1', '43,4762') ON CONFLICT DO NOTHING;
INSERT INTO observation.component(id, name, j1, k1, k2, l2, m1, m2, n2, o1, p1, q1, s1, s2, t2, v2, type, velocity) VALUES ('4413647e-08a0-480f-b9fa-624183d318ab','M4', '0', '0', '0', '0', '0', '2', '0', '0', '0', '0', '0', '0', '0', '0', '0', '57,9682') ON CONFLICT DO NOTHING;
INSERT INTO observation.component(id, name, j1, k1, k2, l2, m1, m2, n2, o1, p1, q1, s1, s2, t2, v2, type, velocity) VALUES ('efdf809b-6298-4cef-81d4-02861766e1e9','M6', '0', '0', '0', '0', '0', '3', '0', '0', '0', '0', '0', '0', '0', '0', '0', '86,9523') ON CONFLICT DO NOTHING;
INSERT INTO observation.component(id, name, j1, k1, k2, l2, m1, m2, n2, o1, p1, q1, s1, s2, t2, v2, type, velocity) VALUES ('f139ab12-271f-44bf-b121-33b6828b2902','M8', '0', '0', '0', '0', '0', '4', '0', '0', '0', '0', '0', '0', '0', '0', '0', '115,936') ON CONFLICT DO NOTHING;
INSERT INTO observation.component(id, name, j1, k1, k2, l2, m1, m2, n2, o1, p1, q1, s1, s2, t2, v2, type, velocity) VALUES ('d694b5ae-b65f-49ae-8f7b-698959d39e0e','MF', '0', '0', '0', '0', '0', '0', '0', '0', '0', '0', '0', '0', '0', '0', '1', '1,09803') ON CONFLICT DO NOTHING;
INSERT INTO observation.component(id, name, j1, k1, k2, l2, m1, m2, n2, o1, p1, q1, s1, s2, t2, v2, type, velocity) VALUES ('39b7ee50-bd29-4253-ae31-6940a709fac0','MK3', '0', '1', '0', '0', '0', '1', '0', '0', '0', '0', '0', '0', '0', '0', '0', '44,0252') ON CONFLICT DO NOTHING;
INSERT INTO observation.component(id, name, j1, k1, k2, l2, m1, m2, n2, o1, p1, q1, s1, s2, t2, v2, type, velocity) VALUES ('4919df6a-5fb0-4ec6-8f83-24baa7e28c17','MK4', '0', '0', '1', '0', '0', '1', '0', '0', '0', '0', '0', '0', '0', '0', '0', '59,0662') ON CONFLICT DO NOTHING;
INSERT INTO observation.component(id, name, j1, k1, k2, l2, m1, m2, n2, o1, p1, q1, s1, s2, t2, v2, type, velocity) VALUES ('d72c3d01-c52b-486b-956c-5b672d796e05','MKL6', '0', '0', '1', '1', '0', '1', '0', '0', '0', '0', '0', '0', '0', '0', '0', '88,5967') ON CONFLICT DO NOTHING;
INSERT INTO observation.component(id, name, j1, k1, k2, l2, m1, m2, n2, o1, p1, q1, s1, s2, t2, v2, type, velocity) VALUES ('f2e45bac-e2fa-4cb7-96d0-ad7ffca3236f','MKNU6', '0', '0', '0', '0', '0', '1', '0', '0', '0', '0', '0', '0', '0', '1', '0', '87,5788') ON CONFLICT DO NOTHING;
INSERT INTO observation.component(id, name, j1, k1, k2, l2, m1, m2, n2, o1, p1, q1, s1, s2, t2, v2, type, velocity) VALUES ('e700896a-3ae6-4449-8028-a83ea30f9027','MKS2', '0', '0', '1', '0', '0', '1', '0', '0', '0', '0', '0', '-1', '0', '0', '0', '29,0662') ON CONFLICT DO NOTHING;
INSERT INTO observation.component(id, name, j1, k1, k2, l2, m1, m2, n2, o1, p1, q1, s1, s2, t2, v2, type, velocity) VALUES ('90da48c9-5d45-4d2b-b733-041e6f272491','MM', '0', '0', '0', '0', '0', '0', '0', '0', '0', '0', '0', '0', '0', '0', '1', '0,544375') ON CONFLICT DO NOTHING;
INSERT INTO observation.component(id, name, j1, k1, k2, l2, m1, m2, n2, o1, p1, q1, s1, s2, t2, v2, type, velocity) VALUES ('a2116fb1-d0d4-40ae-8e36-89dbf5a187b6','MN4', '0', '0', '0', '0', '0', '1', '1', '0', '0', '0', '0', '0', '0', '0', '0', '57,4238') ON CONFLICT DO NOTHING;
INSERT INTO observation.component(id, name, j1, k1, k2, l2, m1, m2, n2, o1, p1, q1, s1, s2, t2, v2, type, velocity) VALUES ('efbbc220-3e68-4130-b6c9-714f69c18e52','MNK2S2', '0', '0', '1', '0', '0', '1', '1', '0', '0', '0', '0', '-2', '0', '0', '0', '27,506') ON CONFLICT DO NOTHING;
INSERT INTO observation.component(id, name, j1, k1, k2, l2, m1, m2, n2, o1, p1, q1, s1, s2, t2, v2, type, velocity) VALUES ('f79e805f-5a17-496b-858c-decdbdd1b4fd','MNK5', '0', '1', '0', '0', '0', '1', '1', '0', '0', '0', '0', '0', '0', '0', '0', '72,4649') ON CONFLICT DO NOTHING;
INSERT INTO observation.component(id, name, j1, k1, k2, l2, m1, m2, n2, o1, p1, q1, s1, s2, t2, v2, type, velocity) VALUES ('da0a2379-c9c5-4052-806f-6fb7a06689f4','MNO5', '1', '0', '0', '0', '0', '1', '0', '1', '0', '0', '0', '0', '0', '0', '0', '71,3669') ON CONFLICT DO NOTHING;
INSERT INTO observation.component(id, name, j1, k1, k2, l2, m1, m2, n2, o1, p1, q1, s1, s2, t2, v2, type, velocity) VALUES ('f995fdbe-8ea2-4d34-a57c-fe833f9018cc','MNS2', '0', '0', '0', '0', '0', '1', '1', '0', '0', '0', '0', '-1', '0', '0', '0', '27,4238') ON CONFLICT DO NOTHING;
INSERT INTO observation.component(id, name, j1, k1, k2, l2, m1, m2, n2, o1, p1, q1, s1, s2, t2, v2, type, velocity) VALUES ('f5bce524-83a4-40aa-beec-5a86dacbaba9','MNU4', '0', '0', '0', '0', '0', '1', '0', '0', '0', '0', '0', '0', '0', '1', '0', '57,4967') ON CONFLICT DO NOTHING;
INSERT INTO observation.component(id, name, j1, k1, k2, l2, m1, m2, n2, o1, p1, q1, s1, s2, t2, v2, type, velocity) VALUES ('03fce0de-76b3-4053-8895-35984d3ee9c9','MO3', '0', '0', '0', '0', '0', '1', '0', '1', '0', '0', '0', '0', '0', '0', '0', '42,9271') ON CONFLICT DO NOTHING;
INSERT INTO observation.component(id, name, j1, k1, k2, l2, m1, m2, n2, o1, p1, q1, s1, s2, t2, v2, type, velocity) VALUES ('69092eed-bd05-4c54-87bf-25247bc711ec','MP1', '0', '0', '0', '0', '0', '1', '0', '0', '-1', '0', '0', '0', '0', '0', '0', '14,0252') ON CONFLICT DO NOTHING;
INSERT INTO observation.component(id, name, j1, k1, k2, l2, m1, m2, n2, o1, p1, q1, s1, s2, t2, v2, type, velocity) VALUES ('334f7ce3-533a-4aef-96e5-2ecbe77bd34d','MS4', '0', '0', '0', '0', '0', '1', '0', '0', '0', '0', '0', '1', '0', '0', '0', '58,9841') ON CONFLICT DO NOTHING;
INSERT INTO observation.component(id, name, j1, k1, k2, l2, m1, m2, n2, o1, p1, q1, s1, s2, t2, v2, type, velocity) VALUES ('086cd88d-e5ec-4c59-a21c-dcba95c7e8b0','MSF', '0', '0', '0', '0', '0', '1', '0', '0', '0', '0', '0', '-1', '0', '0', '0', '1,0159') ON CONFLICT DO NOTHING;
INSERT INTO observation.component(id, name, j1, k1, k2, l2, m1, m2, n2, o1, p1, q1, s1, s2, t2, v2, type, velocity) VALUES ('4f58db22-1947-43f3-a928-9df05cf2d765','MSK5', '0', '1', '0', '0', '0', '1', '0', '0', '0', '0', '0', '1', '0', '0', '0', '74,0252') ON CONFLICT DO NOTHING;
INSERT INTO observation.component(id, name, j1, k1, k2, l2, m1, m2, n2, o1, p1, q1, s1, s2, t2, v2, type, velocity) VALUES ('f7e65cff-6abe-4e35-a3d7-8a5f8f2d1b8e','MSK6', '0', '0', '1', '0', '0', '1', '0', '0', '0', '0', '0', '1', '0', '0', '0', '89,0662') ON CONFLICT DO NOTHING;
INSERT INTO observation.component(id, name, j1, k1, k2, l2, m1, m2, n2, o1, p1, q1, s1, s2, t2, v2, type, velocity) VALUES ('14607b82-bcc6-4b90-8902-33511a0d6cf1','MSM5', '0', '0', '0', '0', '1', '1', '0', '0', '0', '0', '0', '1', '0', '0', '0', '73,4808') ON CONFLICT DO NOTHING;
INSERT INTO observation.component(id, name, j1, k1, k2, l2, m1, m2, n2, o1, p1, q1, s1, s2, t2, v2, type, velocity) VALUES ('12998894-1d74-4bf5-9fa7-c62c19f94e1e','MSN2', '0', '0', '0', '0', '0', '1', '-1', '0', '0', '0', '0', '1', '0', '0', '0', '30,5444') ON CONFLICT DO NOTHING;
INSERT INTO observation.component(id, name, j1, k1, k2, l2, m1, m2, n2, o1, p1, q1, s1, s2, t2, v2, type, velocity) VALUES ('1b27c895-46da-4ff6-b281-036a65cc8cc1','MSN6', '0', '0', '0', '0', '0', '1', '1', '0', '0', '0', '0', '1', '0', '0', '0', '87,4238') ON CONFLICT DO NOTHING;
INSERT INTO observation.component(id, name, j1, k1, k2, l2, m1, m2, n2, o1, p1, q1, s1, s2, t2, v2, type, velocity) VALUES ('0343ce88-c9ea-4a44-955a-e655ec025253','MSNK4', '0', '0', '-1', '0', '0', '0', '1', '0', '0', '0', '0', '1', '0', '0', '0', '57,3417') ON CONFLICT DO NOTHING;
INSERT INTO observation.component(id, name, j1, k1, k2, l2, m1, m2, n2, o1, p1, q1, s1, s2, t2, v2, type, velocity) VALUES ('2f0d9be8-e81c-4d83-ae07-28e30f61b282','MSNK7', '0', '1', '0', '0', '0', '1', '1', '0', '0', '0', '0', '1', '0', '0', '0', '102,465') ON CONFLICT DO NOTHING;
INSERT INTO observation.component(id, name, j1, k1, k2, l2, m1, m2, n2, o1, p1, q1, s1, s2, t2, v2, type, velocity) VALUES ('5f78fa5d-fa14-411a-8cf0-9383e2fe84a7','MSNK8', '0', '0', '1', '0', '0', '1', '1', '0', '0', '0', '0', '1', '0', '0', '0', '117,506') ON CONFLICT DO NOTHING;
INSERT INTO observation.component(id, name, j1, k1, k2, l2, m1, m2, n2, o1, p1, q1, s1, s2, t2, v2, type, velocity) VALUES ('10de193c-aac3-400d-bbe5-0ba29d881e6f','MSNO7', '0', '0', '0', '0', '0', '1', '1', '1', '0', '0', '0', '1', '0', '0', '0', '101,367') ON CONFLICT DO NOTHING;
INSERT INTO observation.component(id, name, j1, k1, k2, l2, m1, m2, n2, o1, p1, q1, s1, s2, t2, v2, type, velocity) VALUES ('b85c1b93-a97c-47d9-82b6-f6acf54394f6','MST2', '0', '0', '0', '0', '0', '1', '0', '0', '0', '0', '0', '1', '-1', '0', '0', '29,0252') ON CONFLICT DO NOTHING;
INSERT INTO observation.component(id, name, j1, k1, k2, l2, m1, m2, n2, o1, p1, q1, s1, s2, t2, v2, type, velocity) VALUES ('235f4fbc-753d-45e8-986e-42751a0ac249','MTM', '0', '0', '0', '0', '0', '0', '0', '0', '0', '0', '0', '0', '0', '0', '1', '1,64241') ON CONFLICT DO NOTHING;
INSERT INTO observation.component(id, name, j1, k1, k2, l2, m1, m2, n2, o1, p1, q1, s1, s2, t2, v2, type, velocity) VALUES ('20307e73-72c9-4aee-affd-77d435a0bd68','MTS2', '0', '0', '0', '0', '0', '1', '0', '0', '0', '0', '0', '-1', '1', '0', '0', '28,943') ON CONFLICT DO NOTHING;
INSERT INTO observation.component(id, name, j1, k1, k2, l2, m1, m2, n2, o1, p1, q1, s1, s2, t2, v2, type, velocity) VALUES ('ff7974a9-b7db-40a5-93bf-4bbecf792788','MU2', '0', '0', '0', '0', '0', '0', '0', '0', '0', '0', '0', '0', '0', '0', '1', '27,9682') ON CONFLICT DO NOTHING;
INSERT INTO observation.component(id, name, j1, k1, k2, l2, m1, m2, n2, o1, p1, q1, s1, s2, t2, v2, type, velocity) VALUES ('ffb31de3-76e4-4d77-bc80-ac81eacecd87','N2', '0', '0', '0', '0', '0', '0', '0', '0', '0', '0', '0', '0', '0', '0', '1', '28,4397') ON CONFLICT DO NOTHING;
INSERT INTO observation.component(id, name, j1, k1, k2, l2, m1, m2, n2, o1, p1, q1, s1, s2, t2, v2, type, velocity) VALUES ('19aff440-7246-4a7d-9e5b-aefde760b15d','N4', '0', '0', '0', '0', '0', '0', '2', '0', '0', '0', '0', '0', '0', '0', '0', '56,8975') ON CONFLICT DO NOTHING;
INSERT INTO observation.component(id, name, j1, k1, k2, l2, m1, m2, n2, o1, p1, q1, s1, s2, t2, v2, type, velocity) VALUES ('8260ee5d-9a26-46bc-8e0c-60d2a64521f5','NO3', '0', '0', '0', '0', '0', '0', '1', '1', '0', '0', '0', '0', '0', '0', '0', '42,3828') ON CONFLICT DO NOTHING;
INSERT INTO observation.component(id, name, j1, k1, k2, l2, m1, m2, n2, o1, p1, q1, s1, s2, t2, v2, type, velocity) VALUES ('377459f5-9ad7-4890-9504-eff3926a1d35','NU2', '0', '0', '0', '0', '0', '0', '0', '0', '0', '0', '0', '0', '0', '0', '1', '28,5126') ON CONFLICT DO NOTHING;
INSERT INTO observation.component(id, name, j1, k1, k2, l2, m1, m2, n2, o1, p1, q1, s1, s2, t2, v2, type, velocity) VALUES ('200686f2-c9fe-422c-8e83-39f461b2b652','O1', '0', '0', '0', '0', '0', '0', '0', '0', '0', '0', '0', '0', '0', '0', '1', '13,943') ON CONFLICT DO NOTHING;
INSERT INTO observation.component(id, name, j1, k1, k2, l2, m1, m2, n2, o1, p1, q1, s1, s2, t2, v2, type, velocity) VALUES ('d5e5ce86-b873-47fb-8c98-b12f6ae62f8a','OO1', '0', '0', '0', '0', '0', '0', '0', '0', '0', '0', '0', '0', '0', '0', '1', '16,1391') ON CONFLICT DO NOTHING;
INSERT INTO observation.component(id, name, j1, k1, k2, l2, m1, m2, n2, o1, p1, q1, s1, s2, t2, v2, type, velocity) VALUES ('21b73cb4-9028-4f7f-90df-996ff701a2c6','OP2', '0', '0', '0', '0', '0', '0', '0', '1', '1', '0', '0', '0', '0', '0', '0', '28,902') ON CONFLICT DO NOTHING;
INSERT INTO observation.component(id, name, j1, k1, k2, l2, m1, m2, n2, o1, p1, q1, s1, s2, t2, v2, type, velocity) VALUES ('74e7e307-9e82-4216-8639-90351bebf8aa','OQ2', '0', '0', '0', '0', '0', '0', '0', '1', '0', '1', '0', '0', '0', '0', '0', '27,3417') ON CONFLICT DO NOTHING;
INSERT INTO observation.component(id, name, j1, k1, k2, l2, m1, m2, n2, o1, p1, q1, s1, s2, t2, v2, type, velocity) VALUES ('f08ba951-2309-41bf-887f-bf6195e1a053','P1', '0', '0', '0', '0', '0', '0', '0', '0', '0', '0', '0', '0', '0', '0', '1', '14,9589') ON CONFLICT DO NOTHING;
INSERT INTO observation.component(id, name, j1, k1, k2, l2, m1, m2, n2, o1, p1, q1, s1, s2, t2, v2, type, velocity) VALUES ('6f35ba2f-cf94-40f6-b308-89d85c80ab43','PI1', '0', '0', '0', '0', '0', '0', '0', '0', '0', '0', '0', '0', '0', '0', '1', '14,9179') ON CONFLICT DO NOTHING;
INSERT INTO observation.component(id, name, j1, k1, k2, l2, m1, m2, n2, o1, p1, q1, s1, s2, t2, v2, type, velocity) VALUES ('aea0c9c0-4700-401c-9db5-7e2858e6a4aa','PSI1', '0', '0', '0', '0', '0', '0', '0', '0', '0', '0', '0', '0', '0', '0', '1', '15,0821') ON CONFLICT DO NOTHING;
INSERT INTO observation.component(id, name, j1, k1, k2, l2, m1, m2, n2, o1, p1, q1, s1, s2, t2, v2, type, velocity) VALUES ('ba825c71-2d78-4e23-86c6-4d974e81e60f','Q1', '0', '0', '0', '0', '0', '0', '0', '0', '0', '0', '0', '0', '0', '0', '1', '13,3987') ON CONFLICT DO NOTHING;
INSERT INTO observation.component(id, name, j1, k1, k2, l2, m1, m2, n2, o1, p1, q1, s1, s2, t2, v2, type, velocity) VALUES ('e072ae2d-6b73-4e5e-92a2-3333b2b4604a','QUI1', '0', '0', '0', '0', '0', '0', '0', '0', '0', '0', '0', '0', '0', '0', '1', '14,5695') ON CONFLICT DO NOTHING;
INSERT INTO observation.component(id, name, j1, k1, k2, l2, m1, m2, n2, o1, p1, q1, s1, s2, t2, v2, type, velocity) VALUES ('d4ccec69-6524-4faa-ae4d-9abe0548be23','R2', '0', '0', '0', '0', '0', '0', '0', '0', '0', '0', '0', '0', '0', '0', '1', '30,0411') ON CONFLICT DO NOTHING;
INSERT INTO observation.component(id, name, j1, k1, k2, l2, m1, m2, n2, o1, p1, q1, s1, s2, t2, v2, type, velocity) VALUES ('238063a7-a814-453b-bb68-f5b63fc7890e','RO1', '0', '0', '0', '0', '0', '0', '0', '0', '0', '0', '0', '0', '0', '0', '1', '13,4715') ON CONFLICT DO NOTHING;
INSERT INTO observation.component(id, name, j1, k1, k2, l2, m1, m2, n2, o1, p1, q1, s1, s2, t2, v2, type, velocity) VALUES ('50e4ca1f-7b25-4edf-b0a8-5f2827ef8643','S1', '0', '0', '0', '0', '0', '0', '0', '0', '0', '0', '0', '0', '0', '0', '1', '15') ON CONFLICT DO NOTHING;
INSERT INTO observation.component(id, name, j1, k1, k2, l2, m1, m2, n2, o1, p1, q1, s1, s2, t2, v2, type, velocity) VALUES ('526d16ba-2a7b-4981-895b-fb75fac423cd','S2', '0', '0', '0', '0', '0', '0', '0', '0', '0', '0', '0', '0', '0', '0', '1', '30') ON CONFLICT DO NOTHING;
INSERT INTO observation.component(id, name, j1, k1, k2, l2, m1, m2, n2, o1, p1, q1, s1, s2, t2, v2, type, velocity) VALUES ('e58c5be6-1185-435a-970b-e03941853c3a','S3', '0', '0', '0', '0', '0', '0', '0', '0', '0', '0', '1', '1', '0', '0', '0', '45') ON CONFLICT DO NOTHING;
INSERT INTO observation.component(id, name, j1, k1, k2, l2, m1, m2, n2, o1, p1, q1, s1, s2, t2, v2, type, velocity) VALUES ('3252cfd9-1bd2-4673-9249-10bce6c2651a','S4', '0', '0', '0', '0', '0', '0', '0', '0', '0', '0', '0', '2', '0', '0', '0', '60') ON CONFLICT DO NOTHING;
INSERT INTO observation.component(id, name, j1, k1, k2, l2, m1, m2, n2, o1, p1, q1, s1, s2, t2, v2, type, velocity) VALUES ('6160206f-80de-4caf-adc5-576707b1b0ed','S5', '0', '0', '0', '0', '0', '0', '0', '0', '0', '0', '1', '2', '0', '0', '0', '75') ON CONFLICT DO NOTHING;
INSERT INTO observation.component(id, name, j1, k1, k2, l2, m1, m2, n2, o1, p1, q1, s1, s2, t2, v2, type, velocity) VALUES ('48507226-0fba-4ec3-b71c-f3d488bb84cc','S6', '0', '0', '0', '0', '0', '0', '0', '0', '0', '0', '0', '3', '0', '0', '0', '90') ON CONFLICT DO NOTHING;
INSERT INTO observation.component(id, name, j1, k1, k2, l2, m1, m2, n2, o1, p1, q1, s1, s2, t2, v2, type, velocity) VALUES ('0c66ecfc-0f47-4fe3-adb7-614f59a51444','S8', '0', '0', '0', '0', '0', '0', '0', '0', '0', '0', '0', '4', '0', '0', '0', '120') ON CONFLICT DO NOTHING;
INSERT INTO observation.component(id, name, j1, k1, k2, l2, m1, m2, n2, o1, p1, q1, s1, s2, t2, v2, type, velocity) VALUES ('19b90114-8667-4563-8f39-d640b3a9a141','SA', '0', '0', '0', '0', '0', '0', '0', '0', '0', '0', '0', '0', '0', '0', '1', '0,0410685') ON CONFLICT DO NOTHING;
INSERT INTO observation.component(id, name, j1, k1, k2, l2, m1, m2, n2, o1, p1, q1, s1, s2, t2, v2, type, velocity) VALUES ('ce6bc451-a8bd-4c83-ac8a-8648b36ee5ee','SIGMA1', '0', '0', '0', '0', '0', '0', '0', '0', '0', '0', '0', '0', '0', '0', '1', '12,9271') ON CONFLICT DO NOTHING;
INSERT INTO observation.component(id, name, j1, k1, k2, l2, m1, m2, n2, o1, p1, q1, s1, s2, t2, v2, type, velocity) VALUES ('61ffc6aa-2b0b-43dc-a988-87e974f68fbc','SK3', '0', '1', '0', '0', '0', '0', '0', '0', '0', '0', '0', '1', '0', '0', '0', '45,0411') ON CONFLICT DO NOTHING;
INSERT INTO observation.component(id, name, j1, k1, k2, l2, m1, m2, n2, o1, p1, q1, s1, s2, t2, v2, type, velocity) VALUES ('0f997d45-a9d0-4906-8a27-b90d0d297e39','SK4', '0', '0', '1', '0', '0', '0', '0', '0', '0', '0', '0', '1', '0', '0', '0', '60,0821') ON CONFLICT DO NOTHING;
INSERT INTO observation.component(id, name, j1, k1, k2, l2, m1, m2, n2, o1, p1, q1, s1, s2, t2, v2, type, velocity) VALUES ('980e6b06-479f-426d-8099-b4aac3769673','SKN2', '0', '0', '1', '0', '0', '0', '-1', '0', '0', '0', '0', '1', '0', '0', '0', '31,6424') ON CONFLICT DO NOTHING;
INSERT INTO observation.component(id, name, j1, k1, k2, l2, m1, m2, n2, o1, p1, q1, s1, s2, t2, v2, type, velocity) VALUES ('9d546a1f-ca04-465b-b220-7b868ba27cb1','SL4', '0', '0', '0', '1', '0', '0', '0', '0', '0', '0', '0', '1', '0', '0', '0', '59,5285') ON CONFLICT DO NOTHING;
INSERT INTO observation.component(id, name, j1, k1, k2, l2, m1, m2, n2, o1, p1, q1, s1, s2, t2, v2, type, velocity) VALUES ('293ba8dd-15c4-4348-a95f-9d536faf1d3a','SN4', '0', '0', '0', '0', '0', '0', '1', '0', '0', '0', '0', '1', '0', '0', '0', '58,4397') ON CONFLICT DO NOTHING;
INSERT INTO observation.component(id, name, j1, k1, k2, l2, m1, m2, n2, o1, p1, q1, s1, s2, t2, v2, type, velocity) VALUES ('8d650283-7f8f-4a06-b4de-fe7972867423','SNK2', '0', '0', '-1', '0', '0', '0', '1', '0', '0', '0', '0', '1', '0', '0', '0', '28,3576') ON CONFLICT DO NOTHING;
INSERT INTO observation.component(id, name, j1, k1, k2, l2, m1, m2, n2, o1, p1, q1, s1, s2, t2, v2, type, velocity) VALUES ('54e20092-ba92-4078-8f3b-8b527277944a','SO1', '0', '0', '0', '0', '0', '0', '0', '-1', '0', '0', '0', '1', '0', '0', '0', '16,057') ON CONFLICT DO NOTHING;
INSERT INTO observation.component(id, name, j1, k1, k2, l2, m1, m2, n2, o1, p1, q1, s1, s2, t2, v2, type, velocity) VALUES ('742db1ec-9743-4db4-be90-5a2bfc6e74a5','SO3', '0', '0', '0', '0', '0', '0', '0', '1', '0', '0', '0', '1', '0', '0', '0', '43,943') ON CONFLICT DO NOTHING;
INSERT INTO observation.component(id, name, j1, k1, k2, l2, m1, m2, n2, o1, p1, q1, s1, s2, t2, v2, type, velocity) VALUES ('2304d127-496f-4de0-adc1-2477d340d436','SP3', '0', '0', '0', '0', '0', '0', '0', '0', '1', '0', '0', '1', '0', '0', '0', '44,9589') ON CONFLICT DO NOTHING;
INSERT INTO observation.component(id, name, j1, k1, k2, l2, m1, m2, n2, o1, p1, q1, s1, s2, t2, v2, type, velocity) VALUES ('01833277-1250-4a7a-b3c6-a2fab3b1a328','SQ3', '0', '0', '0', '0', '0', '0', '0', '0', '0', '1', '0', '1', '0', '0', '0', '43,3987') ON CONFLICT DO NOTHING;
INSERT INTO observation.component(id, name, j1, k1, k2, l2, m1, m2, n2, o1, p1, q1, s1, s2, t2, v2, type, velocity) VALUES ('04a05a98-db9a-4dd6-a9cf-bb6e3c39b7e8','SSA', '0', '0', '0', '0', '0', '0', '0', '0', '0', '0', '0', '0', '0', '0', '1', '0,0821373') ON CONFLICT DO NOTHING;
INSERT INTO observation.component(id, name, j1, k1, k2, l2, m1, m2, n2, o1, p1, q1, s1, s2, t2, v2, type, velocity) VALUES ('7350a879-c871-4962-9e5b-8e94e824f824','T2', '0', '0', '0', '0', '0', '0', '0', '0', '0', '0', '0', '0', '0', '0', '1', '29,9589') ON CONFLICT DO NOTHING;
INSERT INTO observation.component(id, name, j1, k1, k2, l2, m1, m2, n2, o1, p1, q1, s1, s2, t2, v2, type, velocity) VALUES ('2ac68a1f-d001-46d9-9cb2-bfcd2a90f7b6','TETA1', '0', '0', '0', '0', '0', '0', '0', '0', '0', '0', '0', '0', '0', '0', '1', '15,5126') ON CONFLICT DO NOTHING;
SELECT * FROM observation.component;

-- POPULANDO observation.federative_unit
INSERT INTO observation.federative_unit(id, initials, name, country) VALUES ('d7cbc23b-1158-4186-a771-36294b9685e9', 'AC', 'Acre', 'b2e72768-e154-43a5-ae0c-652579d67600') ON CONFLICT DO NOTHING;
INSERT INTO observation.federative_unit(id, initials, name, country) VALUES ('d9c0661b-b081-4aee-87cb-05a3bbfcc1c0', 'AL', 'Alagoas', 'b2e72768-e154-43a5-ae0c-652579d67600') ON CONFLICT DO NOTHING;
INSERT INTO observation.federative_unit(id, initials, name, country) VALUES ('fc954368-0e83-4364-9fc8-3275542b668d', 'AP', 'Amapá', 'b2e72768-e154-43a5-ae0c-652579d67600') ON CONFLICT DO NOTHING;
INSERT INTO observation.federative_unit(id, initials, name, country) VALUES ('371a7a6b-9221-4183-bac8-dea43884edbd', 'AM', 'Amazonas', 'b2e72768-e154-43a5-ae0c-652579d67600') ON CONFLICT DO NOTHING;
INSERT INTO observation.federative_unit(id, initials, name, country) VALUES ('2f23d1c1-8e44-4256-a32a-e505b7d4448a', 'BA', 'Bahia', 'b2e72768-e154-43a5-ae0c-652579d67600') ON CONFLICT DO NOTHING;
INSERT INTO observation.federative_unit(id, initials, name, country) VALUES ('4e39ce93-a0b8-4318-9478-5642a982f77e', 'CE', 'Ceará', 'b2e72768-e154-43a5-ae0c-652579d67600') ON CONFLICT DO NOTHING;
INSERT INTO observation.federative_unit(id, initials, name, country) VALUES ('3eccf143-72df-4892-a06f-100f2c33feab', 'ES', 'Espírito Santo', 'b2e72768-e154-43a5-ae0c-652579d67600') ON CONFLICT DO NOTHING;
INSERT INTO observation.federative_unit(id, initials, name, country) VALUES ('cbe97ffb-c8f2-4c32-b1ea-e8a0f4bbf4a9', 'GO', 'Goiás', 'b2e72768-e154-43a5-ae0c-652579d67600') ON CONFLICT DO NOTHING;
INSERT INTO observation.federative_unit(id, initials, name, country) VALUES ('d02fd548-d745-48c8-bb86-e606cf052b19', 'MA', 'Maranhão', 'b2e72768-e154-43a5-ae0c-652579d67600') ON CONFLICT DO NOTHING;
INSERT INTO observation.federative_unit(id, initials, name, country) VALUES ('4ebb33d8-a3d5-4641-93de-0f0f500a3ed2', 'MT', 'Mato Grosso', 'b2e72768-e154-43a5-ae0c-652579d67600') ON CONFLICT DO NOTHING;
INSERT INTO observation.federative_unit(id, initials, name, country) VALUES ('43c223e5-133c-4188-bfb2-276f821f5cdd', 'MS', 'Mato Grosso do Sul ', 'b2e72768-e154-43a5-ae0c-652579d67600') ON CONFLICT DO NOTHING;
INSERT INTO observation.federative_unit(id, initials, name, country) VALUES ('2429a13b-133b-4b3c-b1f2-3fb7d6717a0d', 'MG', 'Minas Gerais', 'b2e72768-e154-43a5-ae0c-652579d67600') ON CONFLICT DO NOTHING;
INSERT INTO observation.federative_unit(id, initials, name, country) VALUES ('f6ff745c-f292-484a-92dc-07b5064d7591', 'PA', 'Pará', 'b2e72768-e154-43a5-ae0c-652579d67600') ON CONFLICT DO NOTHING;
INSERT INTO observation.federative_unit(id, initials, name, country) VALUES ('deb70851-845e-45ce-bfc7-393581f632b5', 'PB', 'Paraíba', 'b2e72768-e154-43a5-ae0c-652579d67600') ON CONFLICT DO NOTHING;
INSERT INTO observation.federative_unit(id, initials, name, country) VALUES ('05deb38b-bda9-4f14-8c81-0358ccf719e5', 'PR', 'Paraná', 'b2e72768-e154-43a5-ae0c-652579d67600') ON CONFLICT DO NOTHING;
INSERT INTO observation.federative_unit(id, initials, name, country) VALUES ('7672830c-582d-4799-aab3-8f8b13f8b9ed', 'PE', 'Pernambuco', 'b2e72768-e154-43a5-ae0c-652579d67600') ON CONFLICT DO NOTHING;
INSERT INTO observation.federative_unit(id, initials, name, country) VALUES ('0adf74bb-d7b2-4ee9-a7c9-c0a645945c0c', 'PI', 'Piauí', 'b2e72768-e154-43a5-ae0c-652579d67600') ON CONFLICT DO NOTHING;
INSERT INTO observation.federative_unit(id, initials, name, country) VALUES ('61435b34-f4fb-402f-9dad-a3a5caecfdc1', 'RJ', 'Rio de Janeiro', 'b2e72768-e154-43a5-ae0c-652579d67600') ON CONFLICT DO NOTHING;
INSERT INTO observation.federative_unit(id, initials, name, country) VALUES ('24ee5d9b-af59-487f-8c79-edceda2ccea0', 'RN', 'Rio Grande do Norte', 'b2e72768-e154-43a5-ae0c-652579d67600') ON CONFLICT DO NOTHING;
INSERT INTO observation.federative_unit(id, initials, name, country) VALUES ('9c26c624-41b5-4315-92df-19d121c5d537', 'RS', 'Rio Grande do Sul ', 'b2e72768-e154-43a5-ae0c-652579d67600') ON CONFLICT DO NOTHING;
INSERT INTO observation.federative_unit(id, initials, name, country) VALUES ('0bc6a987-fd40-448a-9a5f-e7fe6376ce88', 'RO', 'Rondônia', 'b2e72768-e154-43a5-ae0c-652579d67600') ON CONFLICT DO NOTHING;
INSERT INTO observation.federative_unit(id, initials, name, country) VALUES ('a498f1c6-11f1-4df8-895e-5abf2027e56a', 'RR', 'Roraima', 'b2e72768-e154-43a5-ae0c-652579d67600') ON CONFLICT DO NOTHING;
INSERT INTO observation.federative_unit(id, initials, name, country) VALUES ('4acd05f7-aa52-4e7f-b704-ad8849a293e2', 'SC', 'Santa Catarina ', 'b2e72768-e154-43a5-ae0c-652579d67600') ON CONFLICT DO NOTHING;
INSERT INTO observation.federative_unit(id, initials, name, country) VALUES ('2345b88e-4591-418a-99d7-67c5eba9494a', 'SP', 'São Paulo', 'b2e72768-e154-43a5-ae0c-652579d67600') ON CONFLICT DO NOTHING;
INSERT INTO observation.federative_unit(id, initials, name, country) VALUES ('d3cac06a-c699-4eae-a736-77238912a55b', 'SE', 'Sergipe', 'b2e72768-e154-43a5-ae0c-652579d67600') ON CONFLICT DO NOTHING;
INSERT INTO observation.federative_unit(id, initials, name, country) VALUES ('e413986f-d8e7-4a97-ac4c-f8e96ba64bfb', 'TO', 'Tocantins', 'b2e72768-e154-43a5-ae0c-652579d67600') ON CONFLICT DO NOTHING;
INSERT INTO observation.federative_unit(id, initials, name, country) VALUES ('59022c7c-0506-4354-a917-eac0dfde9ca4', 'DF', 'Distrito Federal ', 'b2e72768-e154-43a5-ae0c-652579d67600') ON CONFLICT DO NOTHING;
SELECT * FROM observation.federative_unit;

-- POPULANDO observation.researcher
INSERT INTO observation.researcher(id, address, email, name) VALUES ('d64d90a1-25de-4fa9-9abd-dd9c7245ce91', 'Researcher address', 'researcher@gmail.com', 'researcher') ON CONFLICT DO NOTHING;
SELECT * FROM observation.researcher;

-- POPULANDO observation.observer
INSERT INTO observation.observer(id, name, nip) VALUES ('c0fc0704-e17c-4a81-9024-4a9c62ff2e8a', 'Andréa', '00000000') ON CONFLICT DO NOTHING;
INSERT INTO observation.observer(id, name, nip) VALUES ('37647911-c4f4-4f8a-a942-71c766795dac', 'Gael', '11111111') ON CONFLICT DO NOTHING;
SELECT * FROM observation.observer;
